"";"gps";"sites";"forest";"ind_id";"tag_id";"species";"h";"year";"hnext";"yearnext";"surv";"olre";"cc";"z.cc";"bk1";"z.veg"
"1";"011_T3_50";11;"l";"P1_5";"Fral_se_1002";"Fral";5;2017;NA;2018;0;7;77,93;-0,952467837520116;NA;NA
"2";"011_T3_50";11;"l";"P1_34";"Fral_se_1009";"Fral";3,6;2017;6,3;2018;1;8;77,93;-0,952467837520116;NA;NA
"3";"011_T3_50";11;"l";"P1_27";"Fral_se_1006";"Fral";1,5;2017;NA;2018;0;15;77,93;-0,952467837520116;NA;NA
"5";"011_T3_50";11;"l";"P1_21";"Fral_se_1004";"Fral";3,7;2017;NA;2018;0;13;77,93;-0,952467837520116;NA;NA
"6";"011_T3_50";11;"l";"P1_26";"Fral_se_1005";"Fral";1;2017;NA;2018;0;14;77,93;-0,952467837520116;NA;NA
"8";"011_T3_50";11;"l";"P1_4";"Fral_se_1001";"Fral";3;2017;NA;2018;0;6;77,93;-0,952467837520116;NA;NA
"11";"011_T3_50";11;"l";"51";"Fral_se_2311";"Fral";4,3;2018;NA;2019;0;10;77,93;-0,952467837520116;NA;NA
"12";"011_T3_50";11;"l";"55";"Fral_se_2312";"Fral";3,5;2018;6;2019;1;11;77,93;-0,952467837520116;NA;NA
"13";"011_T3_50";11;"l";"P1_25";"Soau_se_1019";"Soau";2,5;2017;6,3;2018;1;49;77,93;-0,952467837520116;NA;NA
"17";"011_T3_50";11;"l";"41";"Fral_se_2301";"Fral";6;2018;NA;2019;0;16;77,93;-0,952467837520116;NA;NA
"18";"011_T3_50";11;"l";"53";"Soau_se_2302";"Soau";2,4;2018;5;2019;1;54;77,93;-0,952467837520116;NA;NA
"19";"011_T3_50";11;"l";"50";"Fral_se_2310";"Fral";4,5;2018;4,5;2019;1;17;77,93;-0,952467837520116;NA;NA
"21";"011_T3_50";11;"l";"44";"Fral_se_2304";"Fral";4;2018;NA;2019;0;19;77,93;-0,952467837520116;NA;NA
"22";"011_T3_50";11;"l";"45";"Fral_se_2305";"Fral";5,5;2018;5;2019;1;20;77,93;-0,952467837520116;NA;NA
"25";"011_T3_50";11;"l";"P1_24";"Soau_se_1018";"Soau";2;2017;5,7;2018;1;48;77,93;-0,952467837520116;NA;NA
"26";"011_T3_50";11;"l";"43";"Fral_se_2303";"Fral";3,3;2018;3,5;2019;1;23;77,93;-0,952467837520116;NA;NA
"27";"011_T3_50";11;"l";"46";"Fral_se_2306";"Fral";3,9;2018;6,5;2019;1;24;77,93;-0,952467837520116;NA;NA
"28";"011_T3_50";11;"l";"47";"Fral_se_2307";"Fral";5,8;2018;8,5;2019;1;25;77,93;-0,952467837520116;NA;NA
"29";"011_T3_50";11;"l";"48";"Fral_se_2308";"Fral";7,3;2018;NA;2019;0;26;77,93;-0,952467837520116;NA;NA
"30";"011_T3_50";11;"l";"52";"Soau_se_2301";"Soau";4,3;2018;5,7;2019;1;53;77,93;-0,952467837520116;NA;NA
"34";"011_T3_50";11;"l";"P1_33";"Rhca_se_1008";"Rhca";2,6;2017;5,7;2018;1;31;77,93;-0,952467837520116;NA;NA
"36";"011_T3_50";11;"l";"56";"Rini_se_2301";"Rini";3,3;2018;NA;2019;0;33;77,93;-0,952467837520116;NA;NA
"37";"011_T3_50";11;"l";"P1_37";"Rini_se_1005";"Rini";2,7;2017;2,8;2018;1;34;77,93;-0,952467837520116;NA;NA
"38";"011_T3_50";11;"l";"42";"Fral_se_2302";"Fral";6,5;2018;3,5;2019;1;22;77,93;-0,952467837520116;NA;NA
"39";"011_T3_50";11;"l";"P1_15";"Soau_se_1012";"Soau";3,2;2017;NA;2018;0;76;77,93;-0,952467837520116;NA;NA
"40";"011_T3_50";11;"l";"P1_16";"Soau_se_1013";"Soau";2,7;2017;NA;2018;0;77;77,93;-0,952467837520116;NA;NA
"41";"011_T3_50";11;"l";"P1_17";"Soau_se_1014";"Soau";2,1;2017;5;2018;1;78;77,93;-0,952467837520116;NA;NA
"42";"011_T3_50";11;"l";"P1_18";"Soau_se_1015";"Soau";2,6;2017;6,3;2018;1;79;77,93;-0,952467837520116;NA;NA
"44";"011_T3_50";11;"l";"P1_12";"Fral_se_1003";"Fral";1,8;2017;5,9;2018;1;1;77,93;-0,952467837520116;NA;NA
"45";"011_T3_50";11;"l";"P1_32";"Fral_se_1007";"Fral";4,7;2017;NA;2018;0;2;77,93;-0,952467837520116;NA;NA
"47";"011_T3_50";11;"l";"49";"Fral_se_2309";"Fral";6,5;2018;6;2019;1;4;77,93;-0,952467837520116;NA;NA
"56";"011_T3_50";11;"l";"P1_7";"Soau_se_1005";"Soau";2,9;2017;5,5;2018;1;65;77,93;-0,952467837520116;NA;NA
"57";"011_T3_50";11;"l";"P1_8";"Soau_se_1006";"Soau";1;2017;NA;2018;0;66;77,93;-0,952467837520116;NA;NA
"58";"011_T3_50";11;"l";"P1_9";"Soau_se_1007";"Soau";1,8;2017;4,5;2018;1;67;77,93;-0,952467837520116;NA;NA
"59";"011_T3_50";11;"l";"54";"Soau_se_2303";"Soau";2,5;2018;3,5;2019;1;55;77,93;-0,952467837520116;NA;NA
"63";"011_T3_50";11;"l";"P1_1";"Soau_se_1001";"Soau";4;2017;NA;2018;0;59;77,93;-0,952467837520116;NA;NA
"65";"011_T3_50";11;"l";"P1_3";"Soau_se_1003";"Soau";3,5;2017;6,3;2018;1;61;77,93;-0,952467837520116;NA;NA
"66";"011_T3_50";11;"l";"P1_6";"Soau_se_1004";"Soau";1,7;2017;NA;2018;0;62;77,93;-0,952467837520116;NA;NA
"69";"011_T3_50";11;"l";"P1_35";"Risp_se_1003";"Risp";3,2;2017;3;2018;1;37;77,93;-0,952467837520116;NA;NA
"70";"011_T3_50";11;"l";"P1_36";"Risp_se_1004";"Risp";3,2;2017;4,5;2018;1;38;77,93;-0,952467837520116;NA;NA
"71";"011_T3_50";11;"l";"P1_39";"Risp_se_1007";"Risp";4,2;2017;3,8;2018;1;39;77,93;-0,952467837520116;NA;NA
"72";"011_T3_50";11;"l";"P1_10";"Soau_se_1008";"Soau";1,8;2017;2,8;2018;1;68;77,93;-0,952467837520116;NA;NA
"73";"011_T3_50";11;"l";"P1_11";"Soau_se_1009";"Soau";1,8;2017;NA;2018;0;69;77,93;-0,952467837520116;NA;NA
"78";"011_T3_50";11;"l";"P1_13";"Soau_se_1010";"Soau";2,3;2017;NA;2018;0;74;77,93;-0,952467837520116;NA;NA
"79";"011_T3_50";11;"l";"P1_14";"Soau_se_1011";"Soau";3,4;2017;3,7;2018;1;75;77,93;-0,952467837520116;NA;NA
"80";"011_T3_50";11;"l";"P1_38";"Rini_se_1006";"Rini";2,8;2017;NA;2018;0;35;77,93;-0,952467837520116;NA;NA
"82";"011_T3_50";11;"l";"P1_20";"Soau_se_1017";"Soau";3,4;2017;6,2;2018;1;81;77,93;-0,952467837520116;NA;NA
"84";"011_T3_50";11;"l";"P1_30";"Risp_se_1001";"Risp";2,7;2017;4,8;2018;1;43;77,93;-0,952467837520116;NA;NA
"85";"011_T3_50";11;"l";"P1_19";"Soau_se_1016";"Soau";3,4;2017;4,8;2018;1;80;77,93;-0,952467837520116;NA;NA
"86";"011_T3_50";11;"l";"P1_2";"Soau_se_1002";"Soau";2,8;2017;5,3;2018;1;60;77,93;-0,952467837520116;NA;NA
"88";"011_T3_50";11;"l";"P1_31";"Risp_se_1002";"Risp";4,4;2017;6,2;2018;1;44;77,93;-0,952467837520116;NA;NA
"91";"013_01";13;"l";"";"Soau_se_2101";"Soau";4;2018;7;2019;1;91;78,345;-0,882229087194044;NA;NA
"93";"013_01";13;"l";"";"Soau_se_2103";"Soau";2,5;2018;3;2019;1;93;78,345;-0,882229087194044;NA;NA
"95";"013_01";13;"l";"";"Soau_se_2102";"Soau";5;2018;5;2019;1;92;78,345;-0,882229087194044;NA;NA
"97";"013_01";13;"l";"";"Soau_se_2104";"Soau";5,5;2018;6;2019;1;94;78,345;-0,882229087194044;NA;NA
"99";"015_10";15;"l";"89";"Sani_se_1053";"Sani";7;2017;NA;2018;0;260;80,37;-0,539497835602964;NA;NA
"100";"015_10";15;"l";"90";"Sani_se_1054";"Sani";6,5;2017;NA;2018;0;261;80,37;-0,539497835602964;NA;NA
"102";"015_10";15;"l";"88";"Sani_se_1052";"Sani";6;2017;NA;2018;0;259;80,37;-0,539497835602964;NA;NA
"103";"015_10";15;"l";"79";"Sani_se_1043";"Sani";4,5;2017;NA;2018;0;255;80,37;-0,539497835602964;NA;NA
"104";"015_10";15;"l";"80";"Sani_se_1044";"Sani";5;2017;NA;2018;0;256;80,37;-0,539497835602964;NA;NA
"105";"015_10";15;"l";"91";"Sani_se_1055";"Sani";7;2017;NA;2018;0;262;80,37;-0,539497835602964;NA;NA
"106";"015_10";15;"l";"92";"Sani_se_1056";"Sani";6;2017;NA;2018;0;263;80,37;-0,539497835602964;NA;NA
"108";"015_10";15;"l";"30";"Sani_se_1013";"Sani";4,5;2017;NA;2018;0;232;80,37;-0,539497835602964;NA;NA
"111";"015_10";15;"l";"81";"Sani_se_1045";"Sani";2;2017;NA;2018;0;235;80,37;-0,539497835602964;NA;NA
"112";"015_10";15;"l";"93";"Sani_se_1057";"Sani";7,5;2017;NA;2018;0;264;80,37;-0,539497835602964;NA;NA
"113";"015_10";15;"l";"31";"Sani_se_1014";"Sani";5,5;2017;NA;2018;0;233;80,37;-0,539497835602964;NA;NA
"114";"015_10";15;"l";"32";"Sani_se_1015";"Sani";6,5;2017;NA;2018;0;234;80,37;-0,539497835602964;NA;NA
"116";"015_10";15;"l";"3";"Sani_se_1002";"Sani";6;2017;3;2018;1;240;80,37;-0,539497835602964;NA;NA
"117";"015_10";15;"l";"4";"Sani_se_1003";"Sani";6,5;2017;NA;2018;0;241;80,37;-0,539497835602964;NA;NA
"119";"015_10";15;"l";"7";"Sani_se_1006";"Sani";5;2017;NA;2018;0;243;80,37;-0,539497835602964;NA;NA
"120";"015_10";15;"l";"41";"Sani_se_1018";"Sani";6;2017;8;2018;1;203;80,37;-0,539497835602964;NA;NA
"121";"015_10";15;"l";"43";"Sani_se_1020";"Sani";4;2017;NA;2018;0;204;80,37;-0,539497835602964;NA;NA
"122";"015_10";15;"l";"44";"Sani_se_1021";"Sani";4;2017;NA;2018;0;205;80,37;-0,539497835602964;NA;NA
"123";"015_10";15;"l";"46";"Sani_se_1022";"Sani";5;2017;NA;2018;0;206;80,37;-0,539497835602964;NA;NA
"124";"015_10";15;"l";"47";"Sani_se_1023";"Sani";5;2017;9;2018;1;207;80,37;-0,539497835602964;NA;NA
"125";"015_10";15;"l";"82";"Sani_se_1046";"Sani";5,5;2017;NA;2018;0;236;80,37;-0,539497835602964;NA;NA
"126";"015_10";15;"l";"83";"Sani_se_1047";"Sani";7,5;2017;10,5;2018;1;237;80,37;-0,539497835602964;NA;NA
"128";"015_10";15;"l";"77";"Sani_se_1041";"Sani";7;2017;NA;2018;0;253;80,37;-0,539497835602964;NA;NA
"129";"015_10";15;"l";"78";"Sani_se_1042";"Sani";5;2017;NA;2018;0;254;80,37;-0,539497835602964;NA;NA
"131";"015_10";15;"l";"6";"Sani_se_1005";"Sani";3;2017;NA;2018;0;242;80,37;-0,539497835602964;NA;NA
"132";"015_10";15;"l";"";"Fral_se_2102";"Fral";5,52;2018;NA;2019;0;128;80,37;-0,539497835602964;NA;NA
"133";"015_10";15;"l";"P2_01";"Fral_se_1101";"Fral";7,4;2017;8;2018;1;129;80,37;-0,539497835602964;NA;NA
"134";"015_10";15;"l";"P2_02";"Fral_se_1102";"Fral";5,3;2017;NA;2018;0;130;80,37;-0,539497835602964;NA;NA
"135";"015_10";15;"l";"P2_42";"Fral_se_1136";"Fral";7,2;2017;NA;2018;0;131;80,37;-0,539497835602964;NA;NA
"136";"015_10";15;"l";"P2_43";"Fral_se_1137";"Fral";5,6;2017;NA;2018;0;132;80,37;-0,539497835602964;NA;NA
"138";"015_10";15;"l";"P2_03";"Fral_se_1103";"Fral";6,9;2017;NA;2018;0;134;80,37;-0,539497835602964;NA;NA
"139";"015_10";15;"l";"P2_05";"Fral_se_1105";"Fral";4,7;2017;4;2018;1;135;80,37;-0,539497835602964;NA;NA
"140";"015_10";15;"l";"";"Sani_se_2101";"Sani";4;2018;NA;2019;NA;265;80,37;-0,539497835602964;NA;NA
"141";"015_10";15;"l";"";"Sani_se_2102";"Sani";2;2018;NA;2019;NA;266;80,37;-0,539497835602964;NA;NA
"142";"015_10";15;"l";"39";"Viop_se_1001";"Viop";4,8;2017;NA;2018;0;267;80,37;-0,539497835602964;NA;NA
"143";"015_10";15;"l";"40";"Viop_se_1002";"Viop";3,5;2017;NA;2018;0;268;80,37;-0,539497835602964;NA;NA
"144";"015_10";15;"l";"";"Fral_se_2101";"Fral";3,8;2018;NA;2019;1;127;80,37;-0,539497835602964;NA;NA
"145";"015_10";15;"l";"P2_45";"Fral_se_1139";"Fral";6;2017;NA;2018;0;141;80,37;-0,539497835602964;NA;NA
"146";"015_10";15;"l";"P2_50";"Fral_se_1144";"Fral";5,1;2017;NA;2018;0;142;80,37;-0,539497835602964;NA;NA
"147";"015_10";15;"l";"P2_51";"Fral_se_1145";"Fral";5,4;2017;NA;2018;0;143;80,37;-0,539497835602964;NA;NA
"151";"015_10";15;"l";"P2_10";"Fral_se_1109";"Fral";5,5;2017;NA;2018;0;147;80,37;-0,539497835602964;NA;NA
"152";"015_10";15;"l";"P2_11";"Fral_se_1110";"Fral";5,5;2017;NA;2018;0;148;80,37;-0,539497835602964;NA;NA
"153";"015_10";15;"l";"P2_16";"Fral_se_1115";"Fral";7,2;2017;NA;2018;0;149;80,37;-0,539497835602964;NA;NA
"154";"015_10";15;"l";"P2_21";"Fral_se_1120";"Fral";6,4;2017;2,5;2018;1;150;80,37;-0,539497835602964;NA;NA
"155";"015_10";15;"l";"P2_47";"Fral_se_1141";"Fral";5,2;2017;4;2018;1;151;80,37;-0,539497835602964;NA;NA
"156";"015_10";15;"l";"P2_48";"Fral_se_1142";"Fral";7;2017;NA;2018;0;152;80,37;-0,539497835602964;NA;NA
"157";"015_10";15;"l";"P2_55";"Fral_se_1149";"Fral";4,5;2017;NA;2018;0;153;80,37;-0,539497835602964;NA;NA
"158";"015_10";15;"l";"P2_56";"Fral_se_1150";"Fral";5,3;2017;NA;2018;0;154;80,37;-0,539497835602964;NA;NA
"160";"015_10";15;"l";"65";"Sani_se_1032";"Sani";7,5;2017;NA;2018;1;244;80,37;-0,539497835602964;NA;NA
"161";"015_10";15;"l";"66";"Sani_se_1033";"Sani";4;2017;NA;2018;1;245;80,37;-0,539497835602964;NA;NA
"162";"015_10";15;"l";"67";"Sani_se_1034";"Sani";5,5;2017;NA;2018;0;246;80,37;-0,539497835602964;NA;NA
"163";"015_10";15;"l";"68";"Sani_se_1035";"Sani";4,5;2017;NA;2018;0;247;80,37;-0,539497835602964;NA;NA
"168";"015_10";15;"l";"76";"Sani_se_1040";"Sani";5;2017;11,5;2018;1;252;80,37;-0,539497835602964;NA;NA
"169";"015_10";15;"l";"P2_54";"Fral_se_1148";"Fral";10,2;2017;4,5;2018;1;125;80,37;-0,539497835602964;NA;NA
"170";"015_10";15;"l";"P2_14";"Fral_se_1113";"Fral";5;2017;5;2018;1;166;80,37;-0,539497835602964;NA;NA
"171";"015_10";15;"l";"P2_15";"Fral_se_1114";"Fral";3,7;2017;NA;2018;0;167;80,37;-0,539497835602964;NA;NA
"172";"015_10";15;"l";"P2_34";"Fral_se_1128";"Fral";5,5;2017;NA;2018;0;168;80,37;-0,539497835602964;NA;NA
"173";"015_10";15;"l";"P2_35";"Fral_se_1129";"Fral";9;2017;NA;2018;0;169;80,37;-0,539497835602964;NA;NA
"174";"015_10";15;"l";"P2_36";"Fral_se_1130";"Fral";6;2017;NA;2018;0;170;80,37;-0,539497835602964;NA;NA
"175";"015_10";15;"l";"P2_37";"Fral_se_1131";"Fral";9;2017;NA;2018;0;171;80,37;-0,539497835602964;NA;NA
"176";"015_10";15;"l";"P2_38";"Fral_se_1132";"Fral";6,8;2017;NA;2018;0;172;80,37;-0,539497835602964;NA;NA
"177";"015_10";15;"l";"P2_39";"Fral_se_1133";"Fral";3,8;2017;NA;2018;0;173;80,37;-0,539497835602964;NA;NA
"178";"015_10";15;"l";"P2_40";"Fral_se_1134";"Fral";9;2017;NA;2018;0;174;80,37;-0,539497835602964;NA;NA
"179";"015_10";15;"l";"P2_41";"Fral_se_1135";"Fral";9;2017;NA;2018;0;175;80,37;-0,539497835602964;NA;NA
"180";"015_10";15;"l";"P2_06";"Fral_se_1106";"Fral";8;2017;2;2018;1;136;80,37;-0,539497835602964;NA;NA
"181";"015_10";15;"l";"P2_08";"Fral_se_1107";"Fral";5;2017;NA;2018;0;137;80,37;-0,539497835602964;NA;NA
"182";"015_10";15;"l";"P2_22";"Fral_se_1122";"Fral";4,9;2017;4;2018;1;138;80,37;-0,539497835602964;NA;NA
"183";"015_10";15;"l";"P2_23";"Fral_se_1123";"Fral";4,4;2017;NA;2018;0;139;80,37;-0,539497835602964;NA;NA
"184";"015_10";15;"l";"P2_24";"Fral_se_1124";"Fral";5,1;2017;NA;2018;0;140;80,37;-0,539497835602964;NA;NA
"185";"015_10";15;"l";"2";"Risp_se_1001";"Risp";3,3;2017;NA;2018;0;186;80,37;-0,539497835602964;NA;NA
"186";"015_10";15;"l";"1";"Sani_se_1001";"Sani";5,6;2017;NA;2018;0;187;80,37;-0,539497835602964;NA;NA
"187";"015_10";15;"l";"5";"Sani_se_1004";"Sani";6,8;2017;NA;2018;0;188;80,37;-0,539497835602964;NA;NA
"188";"015_10";15;"l";"16";"Sani_se_1009";"Sani";5;2017;6,5;2018;1;189;80,37;-0,539497835602964;NA;NA
"189";"015_10";15;"l";"20";"Sani_se_1010";"Sani";4,5;2017;NA;2018;0;190;80,37;-0,539497835602964;NA;NA
"190";"015_10";15;"l";"42";"Sani_se_1019";"Sani";6;2017;NA;2018;0;191;80,37;-0,539497835602964;NA;NA
"191";"015_10";15;"l";"61";"Sani_se_1031";"Sani";3;2017;NA;2018;0;192;80,37;-0,539497835602964;NA;NA
"192";"015_10";15;"l";"71";"Sani_se_1036";"Sani";5,5;2017;3,6;2018;1;193;80,37;-0,539497835602964;NA;NA
"193";"015_10";15;"l";"72";"Sani_se_1037";"Sani";5;2017;NA;2018;0;194;80,37;-0,539497835602964;NA;NA
"196";"015_10";15;"l";"8";"Sani_se_1007";"Sani";4,5;2017;NA;2018;0;197;80,37;-0,539497835602964;NA;NA
"197";"015_10";15;"l";"9";"Sani_se_1008";"Sani";6,7;2017;9;2018;1;198;80,37;-0,539497835602964;NA;NA
"198";"015_10";15;"l";"22";"Sani_se_1011";"Sani";3;2017;NA;2018;1;199;80,37;-0,539497835602964;NA;NA
"199";"015_10";15;"l";"24";"Sani_se_1012";"Sani";5;2017;NA;2018;0;200;80,37;-0,539497835602964;NA;NA
"200";"015_10";15;"l";"37";"Sani_se_1016";"Sani";5,5;2017;NA;2018;0;201;80,37;-0,539497835602964;NA;NA
"201";"015_10";15;"l";"38";"Sani_se_1017";"Sani";3;2017;NA;2018;0;202;80,37;-0,539497835602964;NA;NA
"202";"015_10";15;"l";"P2_25";"Fral_se_1121";"Fral";5,8;2017;NA;2018;0;116;80,37;-0,539497835602964;NA;NA
"203";"015_10";15;"l";"P2_28";"Fral_se_1125";"Fral";5,7;2017;NA;2018;0;117;80,37;-0,539497835602964;NA;NA
"204";"015_10";15;"l";"P2_31";"Fral_se_1126";"Fral";5;2017;NA;2018;0;118;80,37;-0,539497835602964;NA;NA
"205";"015_10";15;"l";"P2_33";"Fral_se_1127";"Fral";6,3;2017;NA;2018;0;119;80,37;-0,539497835602964;NA;NA
"206";"015_10";15;"l";"48";"Sani_se_1024";"Sani";3,5;2017;NA;2018;0;208;80,37;-0,539497835602964;NA;NA
"207";"015_10";15;"l";"49";"Sani_se_1025";"Sani";5,5;2017;NA;2018;0;209;80,37;-0,539497835602964;NA;NA
"208";"015_10";15;"l";"51";"Sani_se_1026";"Sani";4;2017;NA;2018;0;210;80,37;-0,539497835602964;NA;NA
"209";"015_10";15;"l";"53";"Sani_se_1027";"Sani";7;2017;NA;2018;0;211;80,37;-0,539497835602964;NA;NA
"210";"015_10";15;"l";"54";"Sani_se_1028";"Sani";3;2017;8,3;2018;1;212;80,37;-0,539497835602964;NA;NA
"211";"015_10";15;"l";"56";"Sani_se_1029";"Sani";6;2017;2;2018;1;213;80,37;-0,539497835602964;NA;NA
"212";"015_10";15;"l";"57";"Sani_se_1030";"Sani";3;2017;NA;2018;0;214;80,37;-0,539497835602964;NA;NA
"213";"015_10";15;"l";"73";"Sani_se_1038";"Sani";4,5;2017;NA;2018;0;215;80,37;-0,539497835602964;NA;NA
"214";"015_10";15;"l";"74";"Sani_se_1039";"Sani";4,5;2017;NA;2018;0;216;80,37;-0,539497835602964;NA;NA
"215";"015_10";15;"l";"84";"Sani_se_1048";"Sani";6;2017;NA;2018;0;217;80,37;-0,539497835602964;NA;NA
"216";"015_10";15;"l";"85";"Sani_se_1049";"Sani";4,5;2017;NA;2018;0;218;80,37;-0,539497835602964;NA;NA
"217";"015_10";15;"l";"86";"Sani_se_1050";"Sani";3,5;2017;NA;2018;0;219;80,37;-0,539497835602964;NA;NA
"218";"015_10";15;"l";"87";"Sani_se_1051";"Sani";5;2017;5,1;2018;1;220;80,37;-0,539497835602964;NA;NA
"221";"015_10";15;"l";"75";"Prpa_se_1001";"Prpa";6;2017;5,1;2018;1;177;80,37;-0,539497835602964;NA;NA
"224";"015_10";15;"l";"";"Rhca_se_2101";"Rhca";4;2018;NA;2019;0;180;80,37;-0,539497835602964;NA;NA
"227";"015_10";15;"l";"33";"Eueu_se_1003";"Eueu";5,5;2017;8,3;2018;1;101;80,37;-0,539497835602964;NA;NA
"228";"015_10";15;"l";"50";"Eueu_se_1004";"Eueu";4,5;2017;NA;2018;1;102;80,37;-0,539497835602964;NA;NA
"229";"015_10";15;"l";"55";"Eueu_se_1005";"Eueu";6,5;2017;5,1;2018;1;103;80,37;-0,539497835602964;NA;NA
"235";"015_10";15;"l";"";"Eueu_se_2101";"Eueu";4,5;2018;8;2019;1;109;80,37;-0,539497835602964;NA;NA
"241";"015_10";15;"l";"P2_04";"Fral_se_1104";"Fral";6,2;2017;NA;2018;0;115;80,37;-0,539497835602964;NA;NA
"243";"015_10";15;"l";"P2_09";"Fral_se_1108";"Fral";2,8;2017;NA;2018;0;158;80,37;-0,539497835602964;NA;NA
"244";"015_10";15;"l";"P2_12";"Fral_se_1111";"Fral";4,5;2017;NA;2018;0;159;80,37;-0,539497835602964;NA;NA
"245";"015_10";15;"l";"P2_13";"Fral_se_1112";"Fral";6,2;2017;NA;2018;0;160;80,37;-0,539497835602964;NA;NA
"246";"015_10";15;"l";"P2_44";"Fral_se_1138";"Fral";2,8;2017;NA;2018;0;120;80,37;-0,539497835602964;NA;NA
"247";"015_10";15;"l";"P2_46";"Fral_se_1140";"Fral";2,4;2017;NA;2018;0;121;80,37;-0,539497835602964;NA;NA
"248";"015_10";15;"l";"P2_49";"Fral_se_1143";"Fral";4,7;2017;NA;2018;0;122;80,37;-0,539497835602964;NA;NA
"249";"015_10";15;"l";"P2_52";"Fral_se_1146";"Fral";7,3;2017;NA;2018;0;123;80,37;-0,539497835602964;NA;NA
"250";"015_10";15;"l";"P2_53";"Fral_se_1147";"Fral";4,7;2017;NA;2018;0;124;80,37;-0,539497835602964;NA;NA
"253";"015_10";15;"l";"15";"Eueu_se_1001";"Eueu";5,2;2017;4,5;2018;1;99;80,37;-0,539497835602964;NA;NA
"254";"015_10";15;"l";"23";"Eueu_se_1002";"Eueu";6;2017;NA;2018;1;100;80,37;-0,539497835602964;NA;NA
"256";"015_10";15;"l";"P2_17";"Fral_se_1116";"Fral";6,2;2017;NA;2018;0;161;80,37;-0,539497835602964;NA;NA
"261";"015_10";15;"l";"P2_18";"Fral_se_1117";"Fral";3,7;2017;25;2018;1;162;80,37;-0,539497835602964;NA;NA
"262";"015_10";15;"l";"P2_19";"Fral_se_1118";"Fral";5,2;2017;NA;2018;0;163;80,37;-0,539497835602964;NA;NA
"263";"015_10";15;"l";"P2_20";"Fral_se_1119";"Fral";3,4;2017;NA;2018;0;164;80,37;-0,539497835602964;NA;NA
"266";"030_T1_P1";30;"l";"P1_4";"Soau_se_1202";"Soau";3,3;2017;NA;2018;0;307;78,57;-0,844147837017259;NA;NA
"267";"030_T1_P1";30;"l";"P1_5";"Soau_se_1203";"Soau";3,7;2017;NA;2018;0;308;78,57;-0,844147837017259;NA;NA
"269";"030_T1_P1";30;"l";"17";"Soau_se_2001";"Soau";3,7;2018;NA;2019;NA;318;78,57;-0,844147837017259;NA;NA
"270";"030_T1_P1";30;"l";"P1_10";"Fral_se_1200";"Fral";4,7;2017;NA;2018;0;296;78,57;-0,844147837017259;NA;NA
"271";"030_T1_P1";30;"l";"P1_2";"Soau_se_1201";"Soau";2,5;2017;9,1;2018;1;303;78,57;-0,844147837017259;NA;NA
"272";"030_T1_P1";30;"l";"P1_16";"Soau_se_1207";"Soau";3,5;2017;7;2018;1;304;78,57;-0,844147837017259;NA;NA
"273";"030_T1_P1";30;"l";"P1_6";"Soau_se_1204";"Soau";3,1;2017;5,5;2018;1;309;78,57;-0,844147837017259;NA;NA
"274";"030_T1_P1";30;"l";"18";"Soau_se_2002";"Soau";10,5;2018;NA;2019;NA;319;78,57;-0,844147837017259;NA;NA
"275";"030_T1_P1";30;"l";"19";"Soau_se_2003";"Soau";4,9;2018;NA;2019;NA;320;78,57;-0,844147837017259;NA;NA
"276";"030_T1_P1";30;"l";"22";"Soau_se_2004";"Soau";2,5;2018;NA;2019;NA;321;78,57;-0,844147837017259;NA;NA
"277";"030_T1_P1";30;"l";"P1_15";"Eueu_se_1200";"Eueu";2,8;2017;7,9;2018;1;294;78,57;-0,844147837017259;NA;NA
"278";"030_T1_P1";30;"l";"29";"Soau_se_2010";"Soau";5,4;2018;NA;2019;NA;327;78,57;-0,844147837017259;NA;NA
"279";"030_T1_P1";30;"l";"30";"Soau_se_2011";"Soau";5,9;2018;NA;2019;NA;328;78,57;-0,844147837017259;NA;NA
"280";"030_T1_P1";30;"l";"31";"Soau_se_2012";"Soau";10,3;2018;NA;2019;NA;329;78,57;-0,844147837017259;NA;NA
"282";"030_T1_P1";30;"l";"35";"Soau_se_2015";"Soau";5,5;2018;NA;2019;NA;332;78,57;-0,844147837017259;NA;NA
"283";"030_T1_P1";30;"l";"36";"Soau_se_2016";"Soau";3,5;2018;NA;2019;NA;333;78,57;-0,844147837017259;NA;NA
"284";"030_T1_P1";30;"l";"37";"Soau_se_2017";"Soau";7,5;2018;NA;2019;NA;334;78,57;-0,844147837017259;NA;NA
"285";"030_T1_P1";30;"l";"38";"Soau_se_2018";"Soau";7,5;2018;NA;2019;NA;335;78,57;-0,844147837017259;NA;NA
"286";"030_T1_P1";30;"l";"23";"Soau_se_2005";"Soau";3,3;2018;NA;2019;NA;322;78,57;-0,844147837017259;NA;NA
"287";"030_T1_P1";30;"l";"24";"Soau_se_2006";"Soau";1,5;2018;NA;2019;NA;323;78,57;-0,844147837017259;NA;NA
"288";"030_T1_P1";30;"l";"25";"Soau_se_2007";"Soau";5,1;2018;NA;2019;NA;324;78,57;-0,844147837017259;NA;NA
"289";"030_T1_P1";30;"l";"26";"Soau_se_2008";"Soau";4,2;2018;NA;2019;NA;325;78,57;-0,844147837017259;NA;NA
"290";"030_T1_P1";30;"l";"27";"Soau_se_2009";"Soau";8,1;2018;NA;2019;NA;326;78,57;-0,844147837017259;NA;NA
"291";"030_T1_P1";30;"l";"P1_13";"Soau_se_1209";"Soau";2,5;2017;NA;2018;0;313;78,57;-0,844147837017259;NA;NA
"292";"030_T1_P1";30;"l";"P1_12";"Soau_se_1210";"Soau";1,9;2017;NA;2018;0;314;78,57;-0,844147837017259;NA;NA
"295";"030_T1_P1";30;"l";"32";"Soau_se_2013";"Soau";2,8;2018;NA;2019;NA;330;78,57;-0,844147837017259;NA;NA
"296";"030_T1_P1";30;"l";"33";"Soau_se_2014";"Soau";8,2;2018;NA;2019;NA;331;78,57;-0,844147837017259;NA;NA
"297";"030_T1_P1";30;"l";"P1_7";"Soau_se_1205";"Soau";2,6;2017;5,3;2018;1;310;78,57;-0,844147837017259;NA;NA
"298";"030_T1_P1";30;"l";"P1_8";"Soau_se_1206";"Soau";3;2017;NA;2018;0;311;78,57;-0,844147837017259;NA;NA
"299";"030_T1_P1";30;"l";"P1_9";"Soau_se_1208";"Soau";2,4;2017;5,2;2018;1;312;78,57;-0,844147837017259;NA;NA
"300";"030_T1_P1";30;"l";"39";"Soau_se_2019";"Soau";2,9;2018;NA;2019;NA;336;78,57;-0,844147837017259;NA;NA
"303";"030_T1_P4";30;"l";"P4_1";"Viop_se_1200";"Viop";9,8;2017;17;2018;1;354;82,07;-0,251772834267245;NA;NA
"304";"030_T1_P4";30;"l";"P4_12";"Soau_se_1213";"Soau";3,5;2017;4,4;2018;1;346;82,07;-0,251772834267245;NA;NA
"305";"030_T1_P4";30;"l";"P4_13";"Soau_se_1214";"Soau";4;2017;4,1;2018;1;347;82,07;-0,251772834267245;NA;NA
"307";"030_T1_P4";30;"l";"P4_15";"Soau_se_1216";"Soau";4,2;2017;NA;2018;0;349;82,07;-0,251772834267245;NA;NA
"310";"030_T1_P4";30;"l";"P4_14";"Soau_se_1215";"Soau";4;2017;2,7;2018;1;348;82,07;-0,251772834267245;NA;NA
"311";"030_T1_P4";30;"l";"P4_4";"Sani_se_1200";"Sani";4,7;2017;NA;2018;0;343;82,07;-0,251772834267245;NA;NA
"312";"030_T1_P4";30;"l";"P4_6";"Soau_se_1211";"Soau";3,6;2017;NA;2018;0;344;82,07;-0,251772834267245;NA;NA
"313";"030_T1_P4";30;"l";"P4_8";"Soau_se_1212";"Soau";4,2;2017;8,2;2018;1;345;82,07;-0,251772834267245;NA;NA
"316";"035_T2_30";35;"l";"P1_6";"Soau_se_1103";"Soau";2,5;2017;NA;2018;0;514;84,142;0,098913167360764;25;-0,262218756236321
"317";"035_T2_30";35;"l";"P1_7";"Soau_se_1104";"Soau";2,5;2017;NA;2018;0;515;84,142;0,098913167360764;25;-0,262218756236321
"318";"035_T2_30";35;"l";"P1_1";"Fral_se_1101";"Fral";6,5;2017;NA;2018;0;507;84,142;0,098913167360764;25;-0,262218756236321
"319";"035_T2_30";35;"l";"P1_4";"Rhca_se_1101";"Rhca";4;2017;NA;2018;0;508;84,142;0,098913167360764;25;-0,262218756236321
"320";"035_T2_30";35;"l";"P1_5";"Rhca_se_1102";"Rhca";3,5;2017;NA;2018;0;509;84,142;0,098913167360764;25;-0,262218756236321
"321";"035_T2_30";35;"l";"P1_2";"Soau_se_1101";"Soau";3;2017;2,6;2018;1;510;84,142;0,098913167360764;25;-0,262218756236321
"322";"035_T2_30";35;"l";"P1_3";"Soau_se_1102";"Soau";3;2017;1,9;2018;1;511;84,142;0,098913167360764;25;-0,262218756236321
"323";"035_T2_30";35;"l";"P1_8";"Soau_se_1105";"Soau";3;2017;NA;2018;0;516;84,142;0,098913167360764;25;-0,262218756236321
"324";"035_T2_50";35;"l";"P2_14";"Soau_se_1110";"Soau";3;2017;NA;2018;0;527;85,456;0,321307668393199;28,6666666666667;0,12173645177345
"325";"035_T2_50";35;"l";"P2_15";"Soau_se_1111";"Soau";2,5;2017;NA;2018;0;528;85,456;0,321307668393199;28,6666666666667;0,12173645177345
"326";"035_T2_50";35;"l";"P2_16";"Soau_se_1112";"Soau";3;2017;2,6;2018;1;529;85,456;0,321307668393199;28,6666666666667;0,12173645177345
"327";"035_T2_50";35;"l";"P2_17";"Soau_se_1109";"Soau";3;2017;NA;2018;0;526;85,456;0,321307668393199;28,6666666666667;0,12173645177345
"328";"035_T2_50";35;"l";"";"Soau_se_2204";"Soau";2,9;2018;7;2019;1;531;85,456;0,321307668393199;28,6666666666667;0,12173645177345
"329";"035_T2_50";35;"l";"";"Soau_se_2205";"Soau";4;2018;NA;2019;0;532;85,456;0,321307668393199;28,6666666666667;0,12173645177345
"330";"035_T2_50";35;"l";"";"Soau_se_2206";"Soau";3,2;2018;NA;2019;0;533;85,456;0,321307668393199;28,6666666666667;0,12173645177345
"332";"035_T2_50";35;"l";"P2_9";"Soau_se_1106";"Soau";5;2017;3,9;2018;1;535;85,456;0,321307668393199;28,6666666666667;0,12173645177345
"333";"035_T2_50";35;"l";"P2_10";"Soau_se_1107";"Soau";3,5;2017;NA;2018;0;536;85,456;0,321307668393199;28,6666666666667;0,12173645177345
"334";"035_T2_50";35;"l";"";"Rhca_se_2202";"Rhca";5;2018;NA;2019;0;524;85,456;0,321307668393199;28,6666666666667;0,12173645177345
"337";"035_T2_50";35;"l";"P2_12";"Fral_se_1102";"Fral";6,5;2017;6,3;2018;1;517;85,456;0,321307668393199;28,6666666666667;0,12173645177345
"338";"035_T2_50";35;"l";"P2_13";"Fral_se_1103";"Fral";9;2017;13,4;2018;1;518;85,456;0,321307668393199;28,6666666666667;0,12173645177345
"339";"035_T2_50";35;"l";"P3_18";"Fral_se_1104";"Fral";5;2017;NA;2018;0;519;85,456;0,321307668393199;28,6666666666667;0,12173645177345
"343";"035_T2_50";35;"l";"";"Rhca_se_2201";"Rhca";5;2018;4,5;2019;1;523;85,456;0,321307668393199;28,6666666666667;0,12173645177345
"345";"035_T2_50";35;"l";"P2_11";"Soau_se_1108";"Soau";4;2017;NA;2018;0;537;85,456;0,321307668393199;28,6666666666667;0,12173645177345
"346";"035_T2_70";35;"l";"P4_19";"Fral_se_1105";"Fral";4,5;2017;NA;2018;0;539;84,578;0,172706167703338;29,6666666666667;0,226451508503388
"347";"035_T2_90";35;"l";"P9_41";"Fral_se_1106";"Fral";6;2017;NA;2018;0;540;85,206;0,27899516819677;26,6666666666667;-0,0876936616864252
"348";"035_T2_90";35;"l";"P6_27";"Prpa_se_1101";"Prpa";7;2017;NA;2018;0;541;85,206;0,27899516819677;26,6666666666667;-0,0876936616864252
"349";"035_T2_90";35;"l";"P7_36";"Soau_se_1119";"Soau";5,5;2017;NA;2018;0;563;85,206;0,27899516819677;26,6666666666667;-0,0876936616864252
"350";"035_T2_90";35;"l";"P7_33";"Soau_se_1116";"Soau";6;2017;NA;2018;0;565;85,206;0,27899516819677;26,6666666666667;-0,0876936616864252
"351";"035_T2_90";35;"l";"P7_34";"Soau_se_1117";"Soau";5;2017;NA;2018;0;566;85,206;0,27899516819677;26,6666666666667;-0,0876936616864252
"352";"035_T2_90";35;"l";"P7_35";"Soau_se_1118";"Soau";4,5;2017;NA;2018;0;567;85,206;0,27899516819677;26,6666666666667;-0,0876936616864252
"353";"035_T2_90";35;"l";"P10_43";"Rhca_se_1113";"Rhca";3,5;2017;NA;2018;0;554;85,206;0,27899516819677;26,6666666666667;-0,0876936616864252
"354";"035_T2_90";35;"l";"P6_30";"Prpa_se_1102";"Prpa";5,5;2017;NA;2018;0;542;85,206;0,27899516819677;26,6666666666667;-0,0876936616864252
"355";"035_T2_90";35;"l";"P5_20";"Rhca_se_1103";"Rhca";6;2017;NA;2018;0;543;85,206;0,27899516819677;26,6666666666667;-0,0876936616864252
"356";"035_T2_90";35;"l";"P5_21";"Rhca_se_1104";"Rhca";4;2017;NA;2018;0;544;85,206;0,27899516819677;26,6666666666667;-0,0876936616864252
"357";"035_T2_90";35;"l";"P5_22";"Rhca_se_1105";"Rhca";2,5;2017;NA;2018;0;545;85,206;0,27899516819677;26,6666666666667;-0,0876936616864252
"358";"035_T2_90";35;"l";"P7_31";"Rhca_se_1110";"Rhca";5;2017;NA;2018;0;546;85,206;0,27899516819677;26,6666666666667;-0,0876936616864252
"359";"035_T2_90";35;"l";"P8_39";"Rhca_se_1111";"Rhca";6;2017;NA;2018;0;547;85,206;0,27899516819677;26,6666666666667;-0,0876936616864252
"360";"035_T2_90";35;"l";"P10_45";"Rhca_se_1115";"Rhca";4;2017;NA;2018;0;548;85,206;0,27899516819677;26,6666666666667;-0,0876936616864252
"361";"035_T2_90";35;"l";"P6_25";"Rhca_se_1106";"Rhca";4,5;2017;NA;2018;0;549;85,206;0,27899516819677;26,6666666666667;-0,0876936616864252
"362";"035_T2_90";35;"l";"P7_37";"Soau_se_1120";"Soau";7,5;2017;NA;2018;0;564;85,206;0,27899516819677;26,6666666666667;-0,0876936616864252
"363";"035_T2_90";35;"l";"P6_28";"Rhca_se_1108";"Rhca";4;2017;NA;2018;0;551;85,206;0,27899516819677;26,6666666666667;-0,0876936616864252
"364";"035_T2_90";35;"l";"P6_29";"Rhca_se_1109";"Rhca";3,5;2017;NA;2018;0;552;85,206;0,27899516819677;26,6666666666667;-0,0876936616864252
"365";"035_T2_90";35;"l";"P10_42";"Rhca_se_1112";"Rhca";3,5;2017;NA;2018;0;553;85,206;0,27899516819677;26,6666666666667;-0,0876936616864252
"366";"035_T2_90";35;"l";"P7_32";"Soau_se_1115";"Soau";2,5;2017;NA;2018;0;558;85,206;0,27899516819677;26,6666666666667;-0,0876936616864252
"367";"035_T2_90";35;"l";"P10_44";"Rhca_se_1114";"Rhca";4;2017;NA;2018;0;555;85,206;0,27899516819677;26,6666666666667;-0,0876936616864252
"368";"035_T2_90";35;"l";"P5_23";"Soau_se_1113";"Soau";3;2017;NA;2018;0;556;85,206;0,27899516819677;26,6666666666667;-0,0876936616864252
"369";"035_T2_90";35;"l";"P5_24";"Soau_se_1114";"Soau";3;2017;NA;2018;0;557;85,206;0,27899516819677;26,6666666666667;-0,0876936616864252
"370";"035_T2_90";35;"l";"P10_47";"Soau_se_1124";"Soau";4,5;2017;NA;2018;0;562;85,206;0,27899516819677;26,6666666666667;-0,0876936616864252
"371";"035_T2_90";35;"l";"P7_38";"Soau_se_1121";"Soau";2,5;2017;NA;2018;0;559;85,206;0,27899516819677;26,6666666666667;-0,0876936616864252
"372";"035_T2_90";35;"l";"P8_40";"Soau_se_1122";"Soau";2,5;2017;NA;2018;0;560;85,206;0,27899516819677;26,6666666666667;-0,0876936616864252
"373";"035_T2_90";35;"l";"P10_46";"Soau_se_1123";"Soau";2,5;2017;NA;2018;0;561;85,206;0,27899516819677;26,6666666666667;-0,0876936616864252
"374";"035_T2_90";35;"l";"P6_26";"Rhca_se_1107";"Rhca";4,5;2017;NA;2018;0;550;85,206;0,27899516819677;26,6666666666667;-0,0876936616864252
"375";"035_T3_50";35;"l";"56";"Fral_se_2201";"Fral";6,3;2018;NA;2019;0;568;82,68;-0,148530333787954;36,6666666666667;0,959456905612951
"376";"035_T3_50";35;"l";"P11_52";"Fral_se_1107";"Fral";6,5;2017;NA;2018;0;569;82,68;-0,148530333787954;36,6666666666667;0,959456905612951
"377";"035_T3_50";35;"l";"P11_53";"Fral_se_1108";"Fral";4,5;2017;NA;2018;0;570;82,68;-0,148530333787954;36,6666666666667;0,959456905612951
"378";"035_T3_50";35;"l";"P11_54";"Fral_se_1109";"Fral";7,5;2017;NA;2018;0;571;82,68;-0,148530333787954;36,6666666666667;0,959456905612951
"379";"035_T3_50";35;"l";"P11_55";"Rhca_se_1120";"Rhca";3,5;2017;NA;2018;0;572;82,68;-0,148530333787954;36,6666666666667;0,959456905612951
"380";"035_T3_50";35;"l";"P11_48";"Rhca_se_1116";"Rhca";4;2017;NA;2018;0;573;82,68;-0,148530333787954;36,6666666666667;0,959456905612951
"381";"035_T3_50";35;"l";"P11_49";"Rhca_se_1117";"Rhca";5;2017;NA;2018;0;574;82,68;-0,148530333787954;36,6666666666667;0,959456905612951
"382";"035_T3_50";35;"l";"P11_50";"Rhca_se_1118";"Rhca";5;2017;NA;2018;0;575;82,68;-0,148530333787954;36,6666666666667;0,959456905612951
"383";"035_T3_50";35;"l";"P11_51";"Rhca_se_1119";"Rhca";5,5;2017;NA;2018;0;576;82,68;-0,148530333787954;36,6666666666667;0,959456905612951
"384";"035_T4_10";35;"l";"25";"Rhca_se_1225";"Rhca";3,6;2017;NA;2018;0;580;82,43;-0,190842833984386;32,3333333333333;0,505691659783221
"385";"035_T4_10";35;"l";"34";"Rhca_se_1234";"Rhca";2,5;2017;NA;2018;0;581;82,43;-0,190842833984386;32,3333333333333;0,505691659783221
"386";"035_T4_10";35;"l";"37";"Rhca_se_1237";"Rhca";4,2;2017;6;2018;1;582;82,43;-0,190842833984386;32,3333333333333;0,505691659783221
"387";"035_T4_10";35;"l";"40";"Rhca_se_1240";"Rhca";4,5;2017;NA;2018;0;583;82,43;-0,190842833984386;32,3333333333333;0,505691659783221
"389";"035_T4_10";35;"l";"";"Rhca_se_2901";"Rhca";3,1;2018;NA;2019;0;607;82,43;-0,190842833984386;32,3333333333333;0,505691659783221
"390";"035_T4_10";35;"l";"";"Rhca_se_2910";"Rhca";4,2;2018;NA;2019;0;608;82,43;-0,190842833984386;32,3333333333333;0,505691659783221
"391";"035_T4_10";35;"l";"3";"Rhca_se_1203";"Rhca";5,2;2017;NA;2018;0;609;82,43;-0,190842833984386;32,3333333333333;0,505691659783221
"392";"035_T4_10";35;"l";"4";"Rhca_se_1204";"Rhca";4,9;2017;NA;2018;0;610;82,43;-0,190842833984386;32,3333333333333;0,505691659783221
"393";"035_T4_10";35;"l";"5";"Rhca_se_1205";"Rhca";3;2017;NA;2018;0;611;82,43;-0,190842833984386;32,3333333333333;0,505691659783221
"394";"035_T4_10";35;"l";"16";"Rhca_se_1216";"Rhca";3,4;2017;NA;2018;0;612;82,43;-0,190842833984386;32,3333333333333;0,505691659783221
"395";"035_T4_10";35;"l";"17";"Rhca_se_1217";"Rhca";4,8;2017;NA;2018;0;613;82,43;-0,190842833984386;32,3333333333333;0,505691659783221
"396";"035_T4_10";35;"l";"18";"Rhca_se_1218";"Rhca";3;2017;NA;2018;0;614;82,43;-0,190842833984386;32,3333333333333;0,505691659783221
"397";"035_T4_10";35;"l";"";"Rhca_se_2902";"Rhca";3,12;2018;NA;2019;0;615;82,43;-0,190842833984386;32,3333333333333;0,505691659783221
"398";"035_T4_10";35;"l";"";"Rhca_se_2903";"Rhca";3,56;2018;NA;2019;0;616;82,43;-0,190842833984386;32,3333333333333;0,505691659783221
"399";"035_T4_10";35;"l";"";"Rhca_se_2911";"Rhca";3,7;2018;5;2019;1;617;82,43;-0,190842833984386;32,3333333333333;0,505691659783221
"400";"035_T4_10";35;"l";"";"Rhca_se_2912";"Rhca";3,3;2018;NA;2019;0;618;82,43;-0,190842833984386;32,3333333333333;0,505691659783221
"401";"035_T4_10";35;"l";"";"Rhca_se_2913";"Rhca";3,4;2018;NA;2019;0;619;82,43;-0,190842833984386;32,3333333333333;0,505691659783221
"403";"035_T4_10";35;"l";"6";"Rhca_se_1206";"Rhca";2,8;2017;NA;2018;0;621;82,43;-0,190842833984386;32,3333333333333;0,505691659783221
"404";"035_T4_10";35;"l";"7";"Rhca_se_1207";"Rhca";2,2;2017;NA;2018;0;622;82,43;-0,190842833984386;32,3333333333333;0,505691659783221
"405";"035_T4_10";35;"l";"8";"Rhca_se_1208";"Rhca";3,2;2017;NA;2018;0;623;82,43;-0,190842833984386;32,3333333333333;0,505691659783221
"406";"035_T4_10";35;"l";"9";"Rhca_se_1209";"Rhca";0,5;2017;NA;2018;0;624;82,43;-0,190842833984386;32,3333333333333;0,505691659783221
"407";"035_T4_10";35;"l";"";"Rhca_se_2914";"Rhca";4,15;2018;NA;2019;0;625;82,43;-0,190842833984386;32,3333333333333;0,505691659783221
"408";"035_T4_10";35;"l";"";"Rhca_se_2915";"Rhca";3,4;2018;NA;2019;0;626;82,43;-0,190842833984386;32,3333333333333;0,505691659783221
"409";"035_T4_10";35;"l";"";"Rhca_se_2916";"Rhca";2,9;2018;NA;2019;0;627;82,43;-0,190842833984386;32,3333333333333;0,505691659783221
"410";"035_T4_10";35;"l";"";"Rhca_se_2922";"Rhca";3,6;2018;NA;2019;0;628;82,43;-0,190842833984386;32,3333333333333;0,505691659783221
"411";"035_T4_10";35;"l";"10";"Rhca_se_1210";"Rhca";1,9;2017;NA;2018;0;629;82,43;-0,190842833984386;32,3333333333333;0,505691659783221
"412";"035_T4_10";35;"l";"11";"Rhca_se_1211";"Rhca";5,3;2017;NA;2018;0;630;82,43;-0,190842833984386;32,3333333333333;0,505691659783221
"413";"035_T4_10";35;"l";"12";"Rhca_se_1212";"Rhca";3,8;2017;NA;2018;0;631;82,43;-0,190842833984386;32,3333333333333;0,505691659783221
"414";"035_T4_10";35;"l";"13";"Rhca_se_1213";"Rhca";4,4;2017;NA;2018;0;632;82,43;-0,190842833984386;32,3333333333333;0,505691659783221
"415";"035_T4_10";35;"l";"14";"Rhca_se_1214";"Rhca";3,5;2017;NA;2018;0;633;82,43;-0,190842833984386;32,3333333333333;0,505691659783221
"416";"035_T4_10";35;"l";"";"Rhca_se_2904";"Rhca";2,93;2018;NA;2019;0;634;82,43;-0,190842833984386;32,3333333333333;0,505691659783221
"417";"035_T4_10";35;"l";"";"Rhca_se_2905";"Rhca";3,6;2018;NA;2019;0;635;82,43;-0,190842833984386;32,3333333333333;0,505691659783221
"418";"035_T4_10";35;"l";"";"Rhca_se_2906";"Rhca";3,6;2018;NA;2019;0;636;82,43;-0,190842833984386;32,3333333333333;0,505691659783221
"419";"035_T4_10";35;"l";"";"Rhca_se_2907";"Rhca";4,4;2018;NA;2019;0;637;82,43;-0,190842833984386;32,3333333333333;0,505691659783221
"420";"035_T4_10";35;"l";"";"Rhca_se_2908";"Rhca";2,4;2018;3,5;2019;1;638;82,43;-0,190842833984386;32,3333333333333;0,505691659783221
"421";"035_T4_10";35;"l";"";"Rhca_se_2917";"Rhca";3,5;2018;NA;2019;0;639;82,43;-0,190842833984386;32,3333333333333;0,505691659783221
"422";"035_T4_10";35;"l";"";"Rhca_se_2918";"Rhca";4,2;2018;NA;2019;0;640;82,43;-0,190842833984386;32,3333333333333;0,505691659783221
"423";"035_T4_10";35;"l";"";"Rhca_se_2919";"Rhca";3,2;2018;NA;2019;0;641;82,43;-0,190842833984386;32,3333333333333;0,505691659783221
"424";"035_T4_10";35;"l";"";"Rhca_se_2920";"Rhca";3,6;2018;NA;2019;0;642;82,43;-0,190842833984386;32,3333333333333;0,505691659783221
"425";"035_T4_10";35;"l";"";"Rhca_se_2921";"Rhca";3,6;2018;NA;2019;0;643;82,43;-0,190842833984386;32,3333333333333;0,505691659783221
"427";"035_T4_10";35;"l";"";"Soau_se_2201";"Soau";3,8;2018;4,5;2019;1;645;82,43;-0,190842833984386;32,3333333333333;0,505691659783221
"428";"035_T4_10";35;"l";"";"Soau_se_2202";"Soau";4,6;2018;8;2019;1;646;82,43;-0,190842833984386;32,3333333333333;0,505691659783221
"429";"035_T4_10";35;"l";"";"Soau_se_2203";"Soau";6,4;2018;13,5;2019;1;647;82,43;-0,190842833984386;32,3333333333333;0,505691659783221
"433";"035_T4_10";35;"l";"27";"Rhca_se_1227";"Rhca";3,7;2017;NA;2018;0;595;82,43;-0,190842833984386;32,3333333333333;0,505691659783221
"434";"035_T4_10";35;"l";"28";"Rhca_se_1228";"Rhca";2,2;2017;NA;2018;0;596;82,43;-0,190842833984386;32,3333333333333;0,505691659783221
"435";"035_T4_10";35;"l";"41";"Rhca_se_1241";"Rhca";3,2;2017;NA;2018;0;584;82,43;-0,190842833984386;32,3333333333333;0,505691659783221
"438";"035_T4_10";35;"l";"";"Rhca_se_2923";"Rhca";2,8;2018;NA;2019;0;587;82,43;-0,190842833984386;32,3333333333333;0,505691659783221
"439";"035_T4_10";35;"l";"1";"Rhca_se_1201";"Rhca";2,3;2017;NA;2018;0;588;82,43;-0,190842833984386;32,3333333333333;0,505691659783221
"440";"035_T4_10";35;"l";"2";"Rhca_se_1202";"Rhca";2,6;2017;NA;2018;0;589;82,43;-0,190842833984386;32,3333333333333;0,505691659783221
"441";"035_T4_10";35;"l";"19";"Rhca_se_1219";"Rhca";3,7;2017;NA;2018;0;590;82,43;-0,190842833984386;32,3333333333333;0,505691659783221
"442";"035_T4_10";35;"l";"15";"Rhca_se_1215";"Rhca";2,9;2017;NA;2018;0;577;82,43;-0,190842833984386;32,3333333333333;0,505691659783221
"443";"035_T4_10";35;"l";"21";"Rhca_se_1221";"Rhca";1,8;2017;NA;2018;0;578;82,43;-0,190842833984386;32,3333333333333;0,505691659783221
"444";"035_T4_10";35;"l";"22";"Rhca_se_1222";"Rhca";1,3;2017;6,1;2018;1;579;82,43;-0,190842833984386;32,3333333333333;0,505691659783221
"445";"035_T4_10";35;"l";"26";"Rhca_se_1226";"Rhca";3,8;2017;NA;2018;0;594;82,43;-0,190842833984386;32,3333333333333;0,505691659783221
"446";"035_T4_10";35;"l";"31";"Rhca_se_1231";"Rhca";2,1;2017;NA;2018;0;599;82,43;-0,190842833984386;32,3333333333333;0,505691659783221
"447";"035_T4_10";35;"l";"32";"Rhca_se_1232";"Rhca";4,2;2017;NA;2018;0;600;82,43;-0,190842833984386;32,3333333333333;0,505691659783221
"448";"035_T4_10";35;"l";"29";"Rhca_se_1229";"Rhca";5,2;2017;NA;2018;0;597;82,43;-0,190842833984386;32,3333333333333;0,505691659783221
"449";"035_T4_10";35;"l";"30";"Rhca_se_1230";"Rhca";3;2017;NA;2018;0;598;82,43;-0,190842833984386;32,3333333333333;0,505691659783221
"450";"035_T4_10";35;"l";"36";"Rhca_se_1236";"Rhca";3,2;2017;3,9;2018;1;603;82,43;-0,190842833984386;32,3333333333333;0,505691659783221
"451";"035_T4_10";35;"l";"20";"Rhca_se_1220";"Rhca";4,2;2017;NA;2018;0;591;82,43;-0,190842833984386;32,3333333333333;0,505691659783221
"452";"035_T4_10";35;"l";"33";"Rhca_se_1233";"Rhca";4,1;2017;NA;2018;0;601;82,43;-0,190842833984386;32,3333333333333;0,505691659783221
"453";"035_T4_10";35;"l";"35";"Rhca_se_1235";"Rhca";3,5;2017;NA;2018;0;602;82,43;-0,190842833984386;32,3333333333333;0,505691659783221
"454";"035_T4_10";35;"l";"23";"Rhca_se_1223";"Rhca";1,5;2017;NA;2018;0;592;82,43;-0,190842833984386;32,3333333333333;0,505691659783221
"455";"035_T4_10";35;"l";"24";"Rhca_se_1224";"Rhca";3,2;2017;NA;2018;0;593;82,43;-0,190842833984386;32,3333333333333;0,505691659783221
"456";"035_T4_10";35;"l";"38";"Rhca_se_1238";"Rhca";4,1;2017;NA;2018;0;604;82,43;-0,190842833984386;32,3333333333333;0,505691659783221
"457";"035_T4_10";35;"l";"39";"Rhca_se_1239";"Rhca";4;2017;NA;2018;0;605;82,43;-0,190842833984386;32,3333333333333;0,505691659783221
"458";"035_T5_10";35;"l";"P13_4";"Rhca_se_1115";"Rhca";2,6;2017;NA;2018;0;651;84,52;0,162889667657766;33;0,57550169760318
"459";"035_T5_10";35;"l";"P13_5";"Rhca_se_1116";"Rhca";3,3;2017;NA;2018;0;652;84,52;0,162889667657766;33;0,57550169760318
"460";"035_T5_10";35;"l";"P13_15";"Rhca_se_1124";"Rhca";1;2017;NA;2018;0;662;84,52;0,162889667657766;33;0,57550169760318
"461";"035_T5_10";35;"l";"P13_6";"Rhca_se_1118";"Rhca";2,9;2017;NA;2018;0;663;84,52;0,162889667657766;33;0,57550169760318
"462";"035_T5_10";35;"l";"P13_8";"Rhca_se_1119";"Rhca";4,4;2017;NA;2018;0;654;84,52;0,162889667657766;33;0,57550169760318
"463";"035_T5_10";35;"l";"P13_14";"Rhca_se_1123";"Rhca";4,9;2017;NA;2018;0;655;84,52;0,162889667657766;33;0,57550169760318
"464";"035_T5_10";35;"l";"P13_9";"Rhca_se_1120";"Rhca";3,6;2017;NA;2018;0;664;84,52;0,162889667657766;33;0,57550169760318
"465";"035_T5_10";35;"l";"P13_7";"Rhca_se_1117";"Rhca";3,6;2017;NA;2018;0;653;84,52;0,162889667657766;33;0,57550169760318
"466";"035_T5_10";35;"l";"P13_25";"Rhca_se_1133";"Rhca";5;2017;NA;2018;0;658;84,52;0,162889667657766;33;0,57550169760318
"467";"035_T5_10";35;"l";"P13_28";"Rhca_se_1134";"Rhca";3,7;2017;NA;2018;0;659;84,52;0,162889667657766;33;0,57550169760318
"468";"035_T5_10";35;"l";"P13_22";"Rhca_se_1129";"Rhca";3,7;2017;NA;2018;0;656;84,52;0,162889667657766;33;0,57550169760318
"469";"035_T5_10";35;"l";"P13_24";"Rhca_se_1132";"Rhca";3,6;2017;NA;2018;0;657;84,52;0,162889667657766;33;0,57550169760318
"470";"035_T5_10";35;"l";"P13_29";"Rhca_se_1135";"Rhca";3,3;2017;NA;2018;0;660;84,52;0,162889667657766;33;0,57550169760318
"471";"035_T5_10";35;"l";"P13_30";"Rhca_se_1138";"Rhca";4,1;2017;NA;2018;0;661;84,52;0,162889667657766;33;0,57550169760318
"472";"035_T5_10";35;"l";"P13_19";"Rhca_se_1128";"Rhca";2,4;2017;NA;2018;0;675;84,52;0,162889667657766;33;0,57550169760318
"473";"035_T5_10";35;"l";"P13_20";"Rhca_se_1130";"Rhca";3,3;2017;NA;2018;0;667;84,52;0,162889667657766;33;0,57550169760318
"474";"035_T5_10";35;"l";"P13_21";"Rhca_se_1131";"Rhca";4,4;2017;NA;2018;0;668;84,52;0,162889667657766;33;0,57550169760318
"475";"035_T5_10";35;"l";"P13_11";"Rhca_se_1121";"Rhca";3,4;2017;NA;2018;0;665;84,52;0,162889667657766;33;0,57550169760318
"476";"035_T5_10";35;"l";"P13_12";"Rhca_se_1122";"Rhca";3,2;2017;NA;2018;1;666;84,52;0,162889667657766;33;0,57550169760318
"478";"035_T5_10";35;"l";"P13_17";"Rhca_se_1126";"Rhca";4,7;2017;NA;2018;0;672;84,52;0,162889667657766;33;0,57550169760318
"479";"035_T5_10";35;"l";"P13_33";"Rhca_se_1136";"Rhca";3,8;2017;NA;2018;0;669;84,52;0,162889667657766;33;0,57550169760318
"480";"035_T5_10";35;"l";"P13_34";"Rhca_se_1137";"Rhca";1,9;2017;NA;2018;0;670;84,52;0,162889667657766;33;0,57550169760318
"481";"035_T5_10";35;"l";"P13_18";"Rhca_se_1127";"Rhca";3,3;2017;NA;2018;0;673;84,52;0,162889667657766;33;0,57550169760318
"482";"035_T5_10";35;"l";"P13_16";"Rhca_se_1125";"Rhca";3,3;2017;NA;2018;0;674;84,52;0,162889667657766;33;0,57550169760318
"483";"035_T5_50";35;"l";"14";"Soau_se_2207";"Soau";1,9;2018;NA;2019;0;690;85,494;0,327739168423056;35,6666666666667;0,854741848883013
"484";"035_T5_50";35;"l";"15";"Soau_se_2208";"Soau";2;2018;NA;2019;0;691;85,494;0,327739168423056;35,6666666666667;0,854741848883013
"485";"035_T5_50";35;"l";"P12_13";"Rhca_se_1114";"Rhca";4,5;2017;NA;2018;0;689;85,494;0,327739168423056;35,6666666666667;0,854741848883013
"486";"035_T5_50";35;"l";NA;"Rhca_se_1101";"Rhca";4,1;2017;NA;2018;0;676;85,494;0,327739168423056;35,6666666666667;0,854741848883013
"487";"035_T5_50";35;"l";"P12_72";"Rhca_se_1102";"Rhca";4;2017;NA;2018;0;677;85,494;0,327739168423056;35,6666666666667;0,854741848883013
"488";"035_T5_50";35;"l";"16";"Soau_se_2209";"Soau";2,5;2018;3,5;2019;1;692;85,494;0,327739168423056;35,6666666666667;0,854741848883013
"489";"035_T5_50";35;"l";"19";"Soau_se_2212";"Soau";2,3;2018;NA;2019;0;693;85,494;0,327739168423056;35,6666666666667;0,854741848883013
"491";"035_T5_50";35;"l";"17";"Soau_se_2210";"Soau";2,6;2018;5;2019;1;695;85,494;0,327739168423056;35,6666666666667;0,854741848883013
"492";"035_T5_50";35;"l";"18";"Soau_se_2211";"Soau";4;2018;NA;2019;0;696;85,494;0,327739168423056;35,6666666666667;0,854741848883013
"494";"035_T5_50";35;"l";"P12_1";"Rhca_se_1105";"Rhca";3,4;2017;NA;2018;0;684;85,494;0,327739168423056;35,6666666666667;0,854741848883013
"495";"035_T5_50";35;"l";"P12_4";"Rhca_se_1107";"Rhca";4,7;2017;NA;2018;0;685;85,494;0,327739168423056;35,6666666666667;0,854741848883013
"496";"035_T5_50";35;"l";"P12_9";"Rhca_se_1109";"Rhca";4,6;2017;NA;2018;0;687;85,494;0,327739168423056;35,6666666666667;0,854741848883013
"497";"035_T5_50";35;"l";"P12_8";"Rhca_se_1110";"Rhca";3,6;2017;NA;2018;0;688;85,494;0,327739168423056;35,6666666666667;0,854741848883013
"498";"035_T5_50";35;"l";"P12_6";"Rhca_se_1106";"Rhca";3,8;2017;NA;2018;0;679;85,494;0,327739168423056;35,6666666666667;0,854741848883013
"499";"035_T5_50";35;"l";"P12_10";"Rhca_se_1111";"Rhca";2;2017;NA;2018;0;680;85,494;0,327739168423056;35,6666666666667;0,854741848883013
"500";"035_T5_50";35;"l";"P12_11";"Rhca_se_1112";"Rhca";4,6;2017;NA;2018;0;681;85,494;0,327739168423056;35,6666666666667;0,854741848883013
"501";"035_T5_50";35;"l";"P12_3";"Rhca_se_1103";"Rhca";3,2;2017;NA;2018;0;678;85,494;0,327739168423056;35,6666666666667;0,854741848883013
"502";"035_T5_50";35;"l";"P12_2";"Rhca_se_1104";"Rhca";4,4;2017;NA;2018;0;683;85,494;0,327739168423056;35,6666666666667;0,854741848883013
"503";"035_T5_50";35;"l";"P12_12";"Rhca_se_1113";"Rhca";3,8;2017;NA;2018;0;682;85,494;0,327739168423056;35,6666666666667;0,854741848883013
"504";"035_T5_50";35;"l";"P12_5";"Rhca_se_1108";"Rhca";4,3;2017;NA;2018;0;686;85,494;0,327739168423056;35,6666666666667;0,854741848883013
"507";"036_T1_10";36;"l";"21";"Eueu_se_1102";"Eueu";6,5;2017;NA;2018;1;703;87,366;0,64457516989392;26,3333333333333;-0,122598680596405
"508";"036_T1_10";36;"l";"42";"Eueu_se_2002";"Eueu";6,5;2018;14;2019;1;698;87,366;0,64457516989392;26,3333333333333;-0,122598680596405
"510";"036_T1_10";36;"l";"14";"Soau_se_1111";"Soau";5;2017;NA;2018;0;732;87,366;0,64457516989392;26,3333333333333;-0,122598680596405
"511";"036_T1_10";36;"l";"9";"Soau_se_1106";"Soau";7,5;2017;5,5;2018;1;733;87,366;0,64457516989392;26,3333333333333;-0,122598680596405
"514";"036_T1_10";36;"l";"";"Soau_se_2001";"Soau";4,7;2018;6,5;2019;1;736;87,366;0,64457516989392;26,3333333333333;-0,122598680596405
"516";"036_T1_10";36;"l";"";"Fral_se_2001";"Fral";5,5;2018;NA;2019;0;706;87,366;0,64457516989392;26,3333333333333;-0,122598680596405
"517";"036_T1_10";36;"l";"8";"Risp_se_1103";"Risp";9,5;2017;12,5;2018;1;711;87,366;0,64457516989392;26,3333333333333;-0,122598680596405
"520";"036_T1_10";36;"l";"17";"Soau_se_1112";"Soau";5,2;2017;NA;2018;0;714;87,366;0,64457516989392;26,3333333333333;-0,122598680596405
"521";"036_T1_10";36;"l";"2";"Soau_se_1101";"Soau";4,3;2017;NA;2018;0;715;87,366;0,64457516989392;26,3333333333333;-0,122598680596405
"522";"036_T1_10";36;"l";"4";"Soau_se_1102";"Soau";6,5;2017;10,6;2018;1;716;87,366;0,64457516989392;26,3333333333333;-0,122598680596405
"523";"036_T1_10";36;"l";"15";"Eueu_se_1101";"Eueu";6,9;2017;NA;2018;1;700;87,366;0,64457516989392;26,3333333333333;-0,122598680596405
"526";"036_T1_10";36;"l";"6";"Soau_se_1104";"Soau";7,8;2017;NA;2018;0;720;87,366;0,64457516989392;26,3333333333333;-0,122598680596405
"527";"036_T1_10";36;"l";"7";"Soau_se_1105";"Soau";8;2017;NA;2018;0;721;87,366;0,64457516989392;26,3333333333333;-0,122598680596405
"528";"036_T1_10";36;"l";"18";"Soau_se_1114";"Soau";5,2;2017;NA;2018;0;722;87,366;0,64457516989392;26,3333333333333;-0,122598680596405
"529";"036_T1_10";36;"l";"19";"Soau_se_1115";"Soau";5,5;2017;NA;2018;0;723;87,366;0,64457516989392;26,3333333333333;-0,122598680596405
"530";"036_T1_10";36;"l";"20";"Soau_se_1116";"Soau";3,3;2017;NA;2018;0;724;87,366;0,64457516989392;26,3333333333333;-0,122598680596405
"531";"036_T1_10";36;"l";"22";"Soau_se_1113";"Soau";6;2017;NA;2018;0;725;87,366;0,64457516989392;26,3333333333333;-0,122598680596405
"532";"036_T1_10";36;"l";"10";"Soau_se_1107";"Soau";3,8;2017;5,5;2018;1;726;87,366;0,64457516989392;26,3333333333333;-0,122598680596405
"535";"036_T1_10";36;"l";"11";"Soau_se_1108";"Soau";6,5;2017;NA;2018;0;729;87,366;0,64457516989392;26,3333333333333;-0,122598680596405
"537";"036_T1_10";36;"l";"5";"Soau_se_1103";"Soau";5,6;2017;10;2018;1;718;87,366;0,64457516989392;26,3333333333333;-0,122598680596405
"539";"036_T1_10";36;"l";"12";"Soau_se_1110";"Soau";4,6;2017;NA;2018;0;730;87,366;0,64457516989392;26,3333333333333;-0,122598680596405
"540";"036_T1_10";36;"l";"13";"Soau_se_1109";"Soau";4,6;2017;NA;2018;0;731;87,366;0,64457516989392;26,3333333333333;-0,122598680596405
"544";"036_T1_30";36;"l";"23";"Rhca_se_1101";"Rhca";7,6;2017;7,5;2018;1;740;87,172;0,611740669741491;25,3333333333333;-0,227313737326342
"545";"036_T1_30";36;"l";"25";"Soau_se_1115";"Soau";4,5;2017;9,5;2018;1;751;87,172;0,611740669741491;25,3333333333333;-0,227313737326342
"546";"036_T1_30";36;"l";"";"Eueu_se_2001";"Eueu";4,7;2018;8;2019;1;738;87,172;0,611740669741491;25,3333333333333;-0,227313737326342
"547";"036_T1_30";36;"l";"27";"Soau_se_1117";"Soau";7;2017;NA;2018;0;744;87,172;0,611740669741491;25,3333333333333;-0,227313737326342
"548";"036_T1_30";36;"l";"28";"Soau_se_1118";"Soau";5,5;2017;NA;2018;0;745;87,172;0,611740669741491;25,3333333333333;-0,227313737326342
"551";"036_T1_30";36;"l";"31";"Soau_se_1120";"Soau";6;2017;NA;2018;0;747;87,172;0,611740669741491;25,3333333333333;-0,227313737326342
"552";"036_T1_30";36;"l";"24";"Soau_se_1114";"Soau";6,5;2017;4;2018;1;748;87,172;0,611740669741491;25,3333333333333;-0,227313737326342
"554";"036_T1_30";36;"l";"26";"Soau_se_1116";"Soau";6;2017;NA;2018;0;754;87,172;0,611740669741491;25,3333333333333;-0,227313737326342
"555";"036_T1_30";36;"l";"30";"Soau_se_1119";"Soau";4;2017;NA;2018;0;746;87,172;0,611740669741491;25,3333333333333;-0,227313737326342
"559";"036_T1_50";36;"l";"36";"Eueu_se_1102";"Eueu";9,4;2017;NA;2018;0;755;87,922;0,738678170330779;25,3333333333333;-0,227313737326342
"560";"036_T1_50";36;"l";"37";"Eueu_se_1103";"Eueu";7;2017;10;2018;1;756;87,922;0,738678170330779;25,3333333333333;-0,227313737326342
"563";"036_T1_70";36;"l";"9";"Soau_se_1207";"Soau";5;2017;NA;2018;0;789;87,644;0,691626670112351;16,3333333333333;-1,16974924789578
"566";"036_T1_70";36;"l";"13";"Eueu_se_1202";"Eueu";6;2017;NA;2018;0;773;87,644;0,691626670112351;16,3333333333333;-1,16974924789578
"567";"036_T1_70";36;"l";"11";"Rhca_se_1201";"Rhca";4;2017;NA;2018;0;774;87,644;0,691626670112351;16,3333333333333;-1,16974924789578
"568";"036_T1_70";36;"l";"2";"Soau_se_1201";"Soau";4;2017;NA;2018;0;775;87,644;0,691626670112351;16,3333333333333;-1,16974924789578
"569";"036_T1_70";36;"l";"8";"Soau_se_1208";"Soau";6;2017;NA;2018;1;790;87,644;0,691626670112351;16,3333333333333;-1,16974924789578
"570";"036_T1_70";36;"l";"12";"Soau_se_1209";"Soau";4;2017;NA;2018;0;791;87,644;0,691626670112351;16,3333333333333;-1,16974924789578
"571";"036_T1_70";36;"l";"10";"Soau_se_1210";"Soau";5;2017;NA;2018;1;792;87,644;0,691626670112351;16,3333333333333;-1,16974924789578
"576";"036_T1_70";36;"l";"1";"Eueu_se_1201";"Eueu";7;2017;NA;2018;1;770;87,644;0,691626670112351;16,3333333333333;-1,16974924789578
"579";"036_T1_70";36;"l";"4";"Soau_se_1203";"Soau";4;2017;NA;2018;0;777;87,644;0,691626670112351;16,3333333333333;-1,16974924789578
"580";"036_T1_70";36;"l";"7";"Soau_se_1204";"Soau";3;2017;NA;2018;0;778;87,644;0,691626670112351;16,3333333333333;-1,16974924789578
"581";"036_T1_70";36;"l";"6";"Soau_se_1205";"Soau";4,5;2017;NA;2018;0;779;87,644;0,691626670112351;16,3333333333333;-1,16974924789578
"582";"036_T1_70";36;"l";"3";"Soau_se_1202";"Soau";4;2017;NA;2018;0;776;87,644;0,691626670112351;16,3333333333333;-1,16974924789578
"583";"036_T1_70";36;"l";"14";"Soau_se_1211";"Soau";3;2017;NA;2018;0;781;87,644;0,691626670112351;16,3333333333333;-1,16974924789578
"584";"036_T1_70";36;"l";"15";"Soau_se_1212";"Soau";2,5;2017;NA;2018;1;782;87,644;0,691626670112351;16,3333333333333;-1,16974924789578
"585";"036_T1_70";36;"l";"16";"Soau_se_1213";"Soau";4,5;2017;6;2018;1;783;87,644;0,691626670112351;16,3333333333333;-1,16974924789578
"586";"036_T1_70";36;"l";"5";"Soau_se_1206";"Soau";3;2017;NA;2018;0;780;87,644;0,691626670112351;16,3333333333333;-1,16974924789578
"587";"036_T1_70";36;"l";"17";"Soau_se_1214";"Soau";4,5;2017;NA;2018;0;784;87,644;0,691626670112351;16,3333333333333;-1,16974924789578
"588";"203_T2_70";203;"l";"";"Fral_se_1001";"Fral";5,7;2017;NA;2018;0;986;83,5033333333333;-0,00918116647438122;26,1111111111111;-0,145868693203057
"592";"301_T5_50_se";301;"o";"2018";"";"Fral";999;2018;6,5;2019;1;987;92,69;1,54566217407708;NA;NA
"594";"301_T5_50_se";301;"o";"2018";"";"Risp";999;2018;5,5;2019;1;989;92,69;1,54566217407708;NA;NA
"595";"301_T5_50_se";301;"o";"2018";"";"Risp";999;2018;3,5;2019;1;990;92,69;1,54566217407708;NA;NA
"596";"301_T5_50_se";301;"o";"2018";"";"Risp";999;2018;NA;2019;0;991;92,69;1,54566217407708;NA;NA
"597";"301_T5_50_se";301;"o";"2018";"";"Risp";999;2018;3;2019;1;992;92,69;1,54566217407708;NA;NA
"601";"301_T5_50_se";301;"o";"2018";"";"Soau";999;2018;NA;2019;0;996;92,69;1,54566217407708;NA;NA
"602";"301_T5_50_se";301;"o";"2018";"";"Soau";999;2018;10;2019;1;997;92,69;1,54566217407708;NA;NA
"603";"301_T5_50_se";301;"o";"2018";"";"Soau";999;2018;3,5;2019;1;998;92,69;1,54566217407708;NA;NA
"604";"301_T5_50_se";301;"o";"2018";"";"Soau";999;2018;3;2019;1;999;92,69;1,54566217407708;NA;NA
"605";"301_T5_50_se";301;"o";"2018";"";"Soau";999;2018;3,5;2019;1;1000;92,69;1,54566217407708;NA;NA
"606";"301_T5_50_se";301;"o";"2018";"";"Viop";999;2018;6;2019;1;1005;92,69;1,54566217407708;NA;NA
"610";"303_T1_10";303;"o";"26";"Viop_se_1201";"Viop";6;2017;7,5;2018;1;1014;88,836;0,893372671048926;23;-0,471648869696197
"612";"303_T1_10";303;"o";"31";"Eueu_se_1201";"Eueu";7;2017;NA;2018;0;1007;88,836;0,893372671048926;23;-0,471648869696197
"613";"303_T1_10";303;"o";"16";"Soau_se_1201";"Soau";4;2017;3;2018;1;1008;88,836;0,893372671048926;23;-0,471648869696197
"615";"303_T1_10";303;"o";"29";"Viop_se_1202";"Viop";7;2017;9,5;2018;1;1010;88,836;0,893372671048926;23;-0,471648869696197
"618";"303_T1_10";303;"o";"32";"Viop_se_1203";"Viop";6;2017;NA;2018;0;1013;88,836;0,893372671048926;23;-0,471648869696197
"622";"312_07";312;"o";"";"Fral_se_1001";"Fral";6;2017;7;2018;1;1017;82,176;-0,233832334183957;NA;NA
"623";"312_07";312;"o";"";"Fral_se_1004";"Fral";2;2017;NA;2018;0;1018;82,176;-0,233832334183957;NA;NA
"624";"312_07";312;"o";"";"Fral_se_1008";"Fral";3,1;2017;NA;2018;0;1019;82,176;-0,233832334183957;NA;NA
"625";"312_07";312;"o";"";"Fral_se_1012";"Fral";1,8;2017;NA;2018;0;1020;82,176;-0,233832334183957;NA;NA
"626";"312_07";312;"o";"";"Fral_se_1013";"Fral";3,9;2017;3;2018;1;1021;82,176;-0,233832334183957;NA;NA
"627";"312_07";312;"o";"";"Fral_se_1020";"Fral";4,2;2017;NA;2018;0;1022;82,176;-0,233832334183957;NA;NA
"628";"312_07";312;"o";"";"Fral_se_1021";"Fral";4,8;2017;NA;2018;0;1023;82,176;-0,233832334183957;NA;NA
"629";"312_07";312;"o";"";"Fral_se_1022";"Fral";2,9;2017;3,5;2018;1;1024;82,176;-0,233832334183957;NA;NA
"630";"312_07";312;"o";"";"Fral_se_1023";"Fral";4;2017;5,8;2018;1;1025;82,176;-0,233832334183957;NA;NA
"631";"312_07";312;"o";"";"Fral_se_1027";"Fral";3,7;2017;4,5;2018;1;1026;82,176;-0,233832334183957;NA;NA
"632";"312_07";312;"o";"";"Fral_se_1031";"Fral";2,2;2017;2;2018;1;1027;82,176;-0,233832334183957;NA;NA
"633";"312_07";312;"o";"";"Fral_se_1032";"Fral";4,5;2017;4,9;2018;1;1028;82,176;-0,233832334183957;NA;NA
"634";"312_07";312;"o";"";"Fral_se_1033";"Fral";3,8;2017;NA;2018;0;1029;82,176;-0,233832334183957;NA;NA
"635";"312_07";312;"o";"";"Fral_se_1034";"Fral";3,9;2017;NA;2018;0;1030;82,176;-0,233832334183957;NA;NA
"636";"312_07";312;"o";"";"Fral_se_1041";"Fral";2,1;2017;3;2018;1;1031;82,176;-0,233832334183957;NA;NA
"637";"312_07";312;"o";"";"Fral_se_1042";"Fral";1;2017;NA;2018;0;1032;82,176;-0,233832334183957;NA;NA
"638";"312_07";312;"o";"";"Fral_se_1046";"Fral";3,5;2017;4,4;2018;1;1033;82,176;-0,233832334183957;NA;NA
"639";"312_07";312;"o";"";"Fral_se_1047";"Fral";6,2;2017;NA;2018;0;1034;82,176;-0,233832334183957;NA;NA
"656";"312_07";312;"o";"";"Fral_se_1005";"Fral";4,8;2017;4;2018;1;1051;82,176;-0,233832334183957;NA;NA
"657";"312_07";312;"o";"";"Fral_se_1014";"Fral";4,1;2017;5,9;2018;1;1052;82,176;-0,233832334183957;NA;NA
"658";"312_07";312;"o";"";"Fral_se_1028";"Fral";4;2017;5;2018;1;1053;82,176;-0,233832334183957;NA;NA
"659";"312_07";312;"o";"";"Fral_se_1029";"Fral";4,8;2017;NA;2018;0;1054;82,176;-0,233832334183957;NA;NA
"660";"312_07";312;"o";"";"Fral_se_1030";"Fral";3;2017;4,5;2018;1;1055;82,176;-0,233832334183957;NA;NA
"661";"312_07";312;"o";"";"Fral_se_1039";"Fral";2,9;2017;NA;2018;0;1056;82,176;-0,233832334183957;NA;NA
"662";"312_07";312;"o";"";"Fral_se_1040";"Fral";6,8;2017;6;2018;1;1057;82,176;-0,233832334183957;NA;NA
"663";"312_07";312;"o";"";"Fral_se_1043";"Fral";2,3;2017;NA;2018;0;1058;82,176;-0,233832334183957;NA;NA
"664";"312_07";312;"o";"";"Fral_se_1044";"Fral";4;2017;NA;2018;0;1059;82,176;-0,233832334183957;NA;NA
"665";"312_07";312;"o";"";"Fral_se_1045";"Fral";1,2;2017;NA;2018;0;1060;82,176;-0,233832334183957;NA;NA
"666";"312_07";312;"o";"";"Fral_se_1048";"Fral";3,3;2017;NA;2018;0;1061;82,176;-0,233832334183957;NA;NA
"676";"312_07";312;"o";"";"Fral_se_1015";"Fral";1,8;2017;NA;2018;0;1071;82,176;-0,233832334183957;NA;NA
"677";"312_07";312;"o";"";"Fral_se_1016";"Fral";6;2017;6;2018;1;1072;82,176;-0,233832334183957;NA;NA
"678";"312_07";312;"o";"";"Fral_se_1017";"Fral";3;2017;NA;2018;0;1073;82,176;-0,233832334183957;NA;NA
"679";"312_07";312;"o";"";"Fral_se_1018";"Fral";3,9;2017;NA;2018;0;1074;82,176;-0,233832334183957;NA;NA
"680";"312_07";312;"o";"";"Fral_se_1019";"Fral";1,5;2017;3;2018;1;1075;82,176;-0,233832334183957;NA;NA
"681";"312_07";312;"o";"";"Fral_se_1037";"Fral";1,4;2017;2;2018;1;1076;82,176;-0,233832334183957;NA;NA
"682";"312_07";312;"o";"";"Fral_se_1038";"Fral";2;2017;2;2018;1;1077;82,176;-0,233832334183957;NA;NA
"688";"312_07";312;"o";"";"Soau_se_1004";"Soau";3,1;2017;NA;2018;0;1123;82,176;-0,233832334183957;NA;NA
"689";"312_07";312;"o";"";"Soau_se_1002";"Soau";3,5;2017;NA;2018;0;1124;82,176;-0,233832334183957;NA;NA
"691";"312_07";312;"o";"";"Fral_se_1002";"Fral";3,9;2017;NA;2018;0;1086;82,176;-0,233832334183957;NA;NA
"692";"312_07";312;"o";"";"Fral_se_1003";"Fral";2,5;2017;NA;2018;0;1087;82,176;-0,233832334183957;NA;NA
"693";"312_07";312;"o";"";"Fral_se_1006";"Fral";5;2017;NA;2018;0;1088;82,176;-0,233832334183957;NA;NA
"694";"312_07";312;"o";"";"Fral_se_1007";"Fral";2,7;2017;NA;2018;0;1089;82,176;-0,233832334183957;NA;NA
"695";"312_07";312;"o";"";"Fral_se_2001";"Fral";2;2018;1,5;2019;1;1090;82,176;-0,233832334183957;NA;NA
"696";"312_07";312;"o";"";"Fral_se_2002";"Fral";3;2018;2,5;2019;1;1091;82,176;-0,233832334183957;NA;NA
"699";"312_07";312;"o";"";"Fral_se_1009";"Fral";4;2017;5;2018;1;1094;82,176;-0,233832334183957;NA;NA
"700";"312_07";312;"o";"";"Fral_se_1010";"Fral";2,7;2017;NA;2018;0;1095;82,176;-0,233832334183957;NA;NA
"701";"312_07";312;"o";"";"Fral_se_1011";"Fral";4,9;2017;NA;2018;0;1096;82,176;-0,233832334183957;NA;NA
"702";"312_07";312;"o";"";"Fral_se_1024";"Fral";4,6;2017;NA;2018;0;1097;82,176;-0,233832334183957;NA;NA
"703";"312_07";312;"o";"";"Fral_se_1025";"Fral";5;2017;NA;2018;0;1098;82,176;-0,233832334183957;NA;NA
"704";"312_07";312;"o";"";"Fral_se_1026";"Fral";6,3;2017;7;2018;1;1099;82,176;-0,233832334183957;NA;NA
"707";"312_07";312;"o";"";"Fral_se_2003";"Fral";3;2018;NA;2019;0;1102;82,176;-0,233832334183957;NA;NA
"709";"312_07";312;"o";"";"Fral_se_1035";"Fral";3,2;2017;4,5;2018;1;1104;82,176;-0,233832334183957;NA;NA
"710";"312_07";312;"o";"";"Fral_se_1036";"Fral";3,7;2017;NA;2018;0;1105;82,176;-0,233832334183957;NA;NA
"713";"312_07";312;"o";"";"Rhca_se_1002";"Rhca";2,7;2017;NA;2018;0;1108;82,176;-0,233832334183957;NA;NA
"714";"312_07";312;"o";"";"Rhca_se_1004";"Rhca";4,2;2017;NA;2018;0;1109;82,176;-0,233832334183957;NA;NA
"715";"312_07";312;"o";"";"Rhca_se_1001";"Rhca";3,8;2017;NA;2018;0;1110;82,176;-0,233832334183957;NA;NA
"716";"312_07";312;"o";"";"Rhca_se_1003";"Rhca";3;2017;NA;2018;0;1111;82,176;-0,233832334183957;NA;NA
"717";"312_07";312;"o";"";"Risp_se_1001";"Risp";4,6;2017;5;2018;1;1112;82,176;-0,233832334183957;NA;NA
"720";"312_07";312;"o";"";"Soau_se_1005";"Soau";2;2017;NA;2018;0;1115;82,176;-0,233832334183957;NA;NA
"721";"312_07";312;"o";"";"Soau_se_1007";"Soau";3,4;2017;3,9;2018;1;1116;82,176;-0,233832334183957;NA;NA
"724";"312_07";312;"o";"";"Soau_se_1006";"Soau";1,9;2017;NA;2018;0;1119;82,176;-0,233832334183957;NA;NA
"725";"312_07";312;"o";"";"Soau_se_1001";"Soau";2,8;2017;4;2018;1;1120;82,176;-0,233832334183957;NA;NA
"727";"312_07";312;"o";"";"Viop_se_2001";"Viop";2,5;2018;1,5;2019;1;1126;82,176;-0,233832334183957;NA;NA
"729";"312_07";312;"o";"";"Viop_se_1001";"Viop";4;2017;NA;2018;0;1128;82,176;-0,233832334183957;NA;NA
"730";"312_07";312;"o";"";"Soau_se_1003";"Soau";2;2017;NA;2018;0;1125;82,176;-0,233832334183957;NA;NA
"731";"312_08";312;"o";"";"Fral_se_1104";"Fral";4,3;2017;5,9;2018;1;1162;76,0866666666667;-1,26445200563512;NA;NA
"733";"312_08";312;"o";"";"Fral_se_2001";"Fral";4,4;2018;6;2019;1;1164;76,0866666666667;-1,26445200563512;NA;NA
"734";"312_08";312;"o";"";"Eueu_se_2001";"Eueu";4;2018;NA;2019;0;1129;76,0866666666667;-1,26445200563512;NA;NA
"735";"312_08";312;"o";"";"Eueu_se_1104";"Eueu";3;2017;4;2018;1;1130;76,0866666666667;-1,26445200563512;NA;NA
"738";"312_08";312;"o";"";"Eueu_se_1103";"Eueu";5,5;2017;5;2018;1;1133;76,0866666666667;-1,26445200563512;NA;NA
"740";"312_08";312;"o";"";"Eueu_se_1101";"Eueu";6,5;2017;6;2018;1;1135;76,0866666666667;-1,26445200563512;NA;NA
"743";"312_08";312;"o";"";"Eueu_se_1102";"Eueu";5;2017;NA;2018;0;1138;76,0866666666667;-1,26445200563512;NA;NA
"744";"312_08";312;"o";"";"Fral_se_1111";"Fral";3;2017;NA;2018;0;1139;76,0866666666667;-1,26445200563512;NA;NA
"745";"312_08";312;"o";"";"Fral_se_1105";"Fral";2,5;2017;4,7;2018;1;1140;76,0866666666667;-1,26445200563512;NA;NA
"747";"312_08";312;"o";"";"Fral_se_1107";"Fral";7;2017;NA;2018;0;1142;76,0866666666667;-1,26445200563512;NA;NA
"748";"312_08";312;"o";"";"Fral_se_1113";"Fral";2,5;2017;NA;2018;0;1143;76,0866666666667;-1,26445200563512;NA;NA
"749";"312_08";312;"o";"";"Fral_se_1114";"Fral";3;2017;NA;2018;0;1144;76,0866666666667;-1,26445200563512;NA;NA
"750";"312_08";312;"o";"";"Fral_se_1106";"Fral";4;2017;5,9;2018;1;1145;76,0866666666667;-1,26445200563512;NA;NA
"751";"312_08";312;"o";"";"Fral_se_1112";"Fral";1;2017;NA;2018;0;1146;76,0866666666667;-1,26445200563512;NA;NA
"753";"312_08";312;"o";"";"Fral_se_1102";"Fral";4,1;2017;6,5;2018;1;1148;76,0866666666667;-1,26445200563512;NA;NA
"756";"312_08";312;"o";"";"Fral_se_1101";"Fral";5;2017;6;2018;1;1151;76,0866666666667;-1,26445200563512;NA;NA
"757";"312_08";312;"o";"";"Fral_se_1109";"Fral";1;2017;NA;2018;0;1152;76,0866666666667;-1,26445200563512;NA;NA
"758";"312_08";312;"o";"";"Fral_se_1110";"Fral";4,5;2017;NA;2018;0;1153;76,0866666666667;-1,26445200563512;NA;NA
"760";"312_08";312;"o";"";"Fral_se_2003";"Fral";3,8;2018;14;2019;1;1155;76,0866666666667;-1,26445200563512;NA;NA
"763";"312_08";312;"o";"";"Fral_se_1108";"Fral";5,5;2017;NA;2018;0;1158;76,0866666666667;-1,26445200563512;NA;NA
"764";"312_08";312;"o";"";"Fral_se_1103";"Fral";5;2017;5,8;2018;1;1159;76,0866666666667;-1,26445200563512;NA;NA
"767";"312_08";312;"o";"";"Soau_se_2001";"Soau";3,7;2018;4,5;2019;1;1175;76,0866666666667;-1,26445200563512;NA;NA
"770";"312_08";312;"o";"";"Fral_se_2002";"Fral";3;2018;3,5;2019;1;1165;76,0866666666667;-1,26445200563512;NA;NA
"774";"312_08";312;"o";"";"Fral_se_2004";"Fral";4,5;2018;4;2019;1;1169;76,0866666666667;-1,26445200563512;NA;NA
"776";"312_08";312;"o";"";"Rhca_se_1102";"Rhca";1,8;2017;4,1;2018;1;1171;76,0866666666667;-1,26445200563512;NA;NA
"777";"312_08";312;"o";"";"Rhca_se_1101";"Rhca";2;2017;3;2018;1;1173;76,0866666666667;-1,26445200563512;NA;NA
"779";"312_S2";312;"o";"";"Eueu_se_2501";"Eueu";2,5;2018;5;2019;1;1177;89,69;1,03791217171993;NA;NA
"780";"312_S2";312;"o";"";"Fral_se_2501";"Fral";6,5;2018;NA;2019;0;1179;89,69;1,03791217171993;NA;NA
"781";"312_S2";312;"o";"";"Fral_se_2502";"Fral";6,5;2018;NA;2019;0;1180;89,69;1,03791217171993;NA;NA
"782";"312_S2";312;"o";"";"Fral_se_2503";"Fral";4,5;2018;NA;2019;0;1181;89,69;1,03791217171993;NA;NA
"784";"312_S2";312;"o";"";"Fral_se_2505";"Fral";7;2018;8;2019;1;1183;89,69;1,03791217171993;NA;NA
"785";"312_S2";312;"o";"";"Fral_se_2506";"Fral";4,5;2018;3,5;2019;1;1184;89,69;1,03791217171993;NA;NA
"787";"312_S2";312;"o";"";"Fral_se_2504";"Fral";4,5;2018;NA;2019;0;1182;89,69;1,03791217171993;NA;NA
"791";"315_26";315;"o";"";"Rhca_se_1501";"Rhca";2,5;2017;7;2018;1;1187;80,5125;-0,515379710490999;NA;NA
"792";"315_Q1";315;"o";"";"Rhca_se_2459";"Rhca";3,5;2018;NA;2019;0;1190;90,595;1,191083422431;NA;NA
"795";"315_Q1";315;"o";"";"Rhca_se_2452";"Rhca";3,5;2018;NA;2019;0;1194;90,595;1,191083422431;NA;NA
"796";"315_Q1";315;"o";"";"Rhca_se_2460";"Rhca";6;2018;7,4;2019;1;1191;90,595;1,191083422431;NA;NA
"797";"315_Q1";315;"o";"";"Rhca_se_2461";"Rhca";3;2018;NA;2019;0;1192;90,595;1,191083422431;NA;NA
"799";"315_Q1";315;"o";"";"Rhca_se_2454";"Rhca";4;2018;NA;2019;0;1198;90,595;1,191083422431;NA;NA
"800";"315_Q1";315;"o";"";"Rhca_se_2458";"Rhca";2,9;2018;3,9;2019;1;1195;90,595;1,191083422431;NA;NA
"802";"315_Q1";315;"o";"";"Rhca_se_2453";"Rhca";4,5;2018;NA;2019;0;1197;90,595;1,191083422431;NA;NA
"803";"315_Q1";315;"o";"";"Rhca_se_2455";"Rhca";4;2018;4,4;2019;1;1202;90,595;1,191083422431;NA;NA
"804";"315_Q1";315;"o";"";"Rhca_se_2457";"Rhca";3,7;2018;NA;2019;0;1199;90,595;1,191083422431;NA;NA
"805";"315_Q1";315;"o";"";"Rhca_se_2456";"Rhca";4;2018;NA;2019;0;1200;90,595;1,191083422431;NA;NA
"806";"315_Q1";315;"o";"";"Rhca_se_2451";"Rhca";2,3;2018;2,1;2019;1;1201;90,595;1,191083422431;NA;NA
"807";"315_T3_30";315;"o";"";"Viop_se_2101";"Viop";5;2018;NA;2019;0;1205;90,408;1,15943367228408;27,6666666666667;0,0170213950435124
"808";"MG_Eueu_l_18_05";112;"l";"2019";"";"Eueu";3,5;2019;NA;NA;NA;1324;80,335;-0,545421585630466;5,16666666666667;-2,33906738138008
"809";"MG_Eueu_l_18_06";112;"l";"2019";"";"Eueu";5;2019;NA;NA;NA;1325;79,8;-0,635970336050825;28,5;0,10428394231846
"810";"MG_Eueu_l_18_07";112;"l";"2019";"";"Eueu";4;2019;NA;NA;NA;1326;82,65;-0,153607833811526;25,5;-0,209861227871353
"811";"MG_Eueu_l_18_07";112;"l";"2019";"";"Eueu";5;2019;NA;NA;NA;1327;82,65;-0,153607833811526;25,5;-0,209861227871353
"812";"MG_Eueu_l_18_07";112;"l";"2019";"";"Eueu";5,5;2019;NA;NA;NA;1328;82,65;-0,153607833811526;25,5;-0,209861227871353
"813";"MG_Eueu_l_18_07";112;"l";"2019";"";"Eueu";6;2019;NA;NA;NA;1329;82,65;-0,153607833811526;25,5;-0,209861227871353
"814";"MG_Eueu_l_18_07";112;"l";"2019";"";"Eueu";7;2019;NA;NA;NA;1330;82,65;-0,153607833811526;25,5;-0,209861227871353
"815";"MG_Eueu_l_18_07";112;"l";"2019";"";"Eueu";7,5;2019;NA;NA;NA;1331;82,65;-0,153607833811526;25,5;-0,209861227871353
"816";"MG_Eueu_l_18_08";36;"l";"2019";"";"Eueu";999;2019;NA;NA;NA;1332;88,88;0,900819671083497;12,6666666666667;-1,55370445590555
"817";"MG_Eueu_o_18_01";312;"o";"2019";"";"Eueu";6;2019;NA;NA;NA;1333;89,755;1,048913421771;8,16666666666667;-2,02492221119027
"818";"MG_Eueu_o_18_01";312;"o";"2019";"";"Eueu";8;2019;NA;NA;NA;1334;89,755;1,048913421771;8,16666666666667;-2,02492221119027
"819";"MG_Eueu_o_18_01";312;"o";"2019";"";"Eueu";3;2019;NA;NA;NA;1335;89,755;1,048913421771;8,16666666666667;-2,02492221119027
"820";"MG_Eueu_o_18_02";312;"o";"2019";"";"Eueu";999;2019;NA;NA;NA;1336;82,255;-0,220461584121886;22;-0,576363926426134
"821";"MG_Eueu_o_18_04";303;"o";"2019";"";"Eueu";6,5;2019;NA;NA;NA;1337;85,18;0,274594668176341;10,8333333333333;-1,74568205991044
"822";"MG_Eueu_o_18_05";303;"o";"2019";"";"Eueu";8;2019;NA;NA;NA;1338;87,74;0,707874670187781;13,1666666666667;-1,50134692754058
"823";"MG_Eueu_o_18_05";303;"o";"2019";"";"Eueu";5;2019;NA;NA;NA;1339;87,74;0,707874670187781;13,1666666666667;-1,50134692754058
"824";"MG_Eueu_o_18_09";315;"o";"2019";"";"Eueu";6;2019;NA;NA;NA;1340;86,515;0,500543419225274;4,5;-2,40887741920004
"825";"MG_Eueu_o_18_09";315;"o";"2019";"";"Eueu";6,5;2019;NA;NA;NA;1341;86,515;0,500543419225274;4,5;-2,40887741920004
"826";"MG_Fral_l_18_04";112;"l";"2019";"";"Fral";4;2019;NA;NA;NA;1342;85,615;0,348218418518127;24,5;-0,31457628460129
"827";"MG_Fral_l_18_06";203;"l";"2019";"";"Fral";4,5;2019;NA;NA;NA;1343;92,59;1,52873717399851;10,6666666666667;-1,76313456936543
"828";"MG_Fral_l_18_07";13;"l";"2019";"";"Fral";8;2019;NA;NA;NA;1344;87,945;0,74257092034885;14,1666666666667;-1,39663187081065
"829";"MG_Prpa_l_18_01";30;"l";"2019";"";"Prpa";999;2019;NA;NA;NA;1345;83,955;0,0672634172138351;18,25;-0,9690453891634
"830";"MG_Prpa_l_18_04";112;"l";"2019";"";"Prpa";6;2019;NA;NA;NA;1346;80,335;-0,545421585630466;5,16666666666667;-2,33906738138008
"831";"MG_Prpa_l_18_04";112;"l";"2019";"";"Prpa";3,9;2019;NA;NA;NA;1347;80,335;-0,545421585630466;5,16666666666667;-2,33906738138008
"832";"MG_Prpa_l_18_04";112;"l";"2019";"";"Prpa";6,8;2019;NA;NA;NA;1348;80,335;-0,545421585630466;5,16666666666667;-2,33906738138008
"833";"MG_Prpa_l_18_04";112;"l";"2019";"";"Prpa";4,9;2019;NA;NA;NA;1349;80,335;-0,545421585630466;5,16666666666667;-2,33906738138008
"834";"MG_Prpa_l_18_04";112;"l";"2019";"";"Prpa";8,7;2019;NA;NA;NA;1350;80,335;-0,545421585630466;5,16666666666667;-2,33906738138008
"835";"MG_Prpa_l_18_04";112;"l";"2019";"";"Prpa";7,8;2019;NA;NA;NA;1351;80,335;-0,545421585630466;5,16666666666667;-2,33906738138008
"836";"MG_Prpa_l_18_04";112;"l";"2019";"";"Prpa";4,9;2019;NA;NA;NA;1352;80,335;-0,545421585630466;5,16666666666667;-2,33906738138008
"837";"MG_Prpa_l_18_05";112;"l";"2019";"";"Prpa";6,5;2019;NA;NA;NA;1353;89,19;0,95328717132707;22,6666666666667;-0,506553888606176
"838";"MG_Prpa_l_18_06";203;"l";"2019";"";"Prpa";8;2019;NA;NA;NA;1354;87,935;0,740878420340995;17,8333333333333;-1,01267666280087
"839";"MG_Prpa_l_18_08";36;"l";"2019";"";"Prpa";11;2019;NA;NA;NA;1355;87,245;0,624095919798849;9,33333333333333;-1,90275464500534
"840";"MG_Prpa_l_18_08";36;"l";"2019";"";"Prpa";11,5;2019;NA;NA;NA;1356;87,245;0,624095919798849;9,33333333333333;-1,90275464500534
"841";"MG_Prpa_l_18_08";36;"l";"2019";"";"Prpa";6;2019;NA;NA;NA;1357;87,245;0,624095919798849;9,33333333333333;-1,90275464500534
"842";"MG_Prpa_l_18_08";36;"l";"2019";"";"Prpa";7;2019;NA;NA;NA;1358;87,245;0,624095919798849;9,33333333333333;-1,90275464500534
"843";"MG_Prpa_l_18_08";36;"l";"2019";"";"Prpa";10,5;2019;NA;NA;NA;1359;87,245;0,624095919798849;9,33333333333333;-1,90275464500534
"844";"MG_Prpa_l_18_08";36;"l";"2019";"";"Prpa";9;2019;NA;NA;NA;1360;87,245;0,624095919798849;9,33333333333333;-1,90275464500534
"845";"MG_Prpa_l_18_08";36;"l";"2019";"";"Prpa";11;2019;NA;NA;NA;1361;87,245;0,624095919798849;9,33333333333333;-1,90275464500534
"846";"MG_Prpa_l_18_08";36;"l";"2019";"";"Prpa";10;2019;NA;NA;NA;1362;87,245;0,624095919798849;9,33333333333333;-1,90275464500534
"847";"MG_Prpa_o_18_01";303;"o";"2019";"";"Prpa";7,5;2019;NA;NA;NA;1363;84,02;0,0782646672649064;15,6666666666667;-1,23955928571574
"848";"MG_Prpa_o_18_03";303;"o";"2019";"";"Prpa";5;2019;NA;NA;NA;1364;79,56;-0,676590336239396;10,3333333333333;-1,79803958827541
"849";"MG_Prpa_o_18_06";315;"o";"2019";"";"Prpa";7;2019;NA;NA;NA;1365;89,125;0,942285921275999;12,3333333333333;-1,58860947481553
"850";"MG_Prpa_o_18_06";315;"o";"2019";"";"Prpa";9;2019;NA;NA;NA;1366;89,125;0,942285921275999;12,3333333333333;-1,58860947481553
"851";"MG_Prpa_o_18_06";315;"o";"2019";"";"Prpa";9,5;2019;NA;NA;NA;1367;89,125;0,942285921275999;12,3333333333333;-1,58860947481553
"852";"MG_Prpa_o_18_09";315;"o";"2019";"";"Prpa";6;2019;NA;NA;NA;1368;83,72;0,0274896670291914;9,16666666666667;-1,92020715446033
"853";"MG_Prpa_o_18_09";315;"o";"2019";"";"Prpa";9;2019;NA;NA;NA;1369;83,72;0,0274896670291914;9,16666666666667;-1,92020715446033
"854";"MG_Prpa_o_18_09";315;"o";"2019";"";"Prpa";8,5;2019;NA;NA;NA;1370;83,72;0,0274896670291914;9,16666666666667;-1,92020715446033
"855";"MG_Prpa_o_18_09";315;"o";"2019";"";"Prpa";5;2019;NA;NA;NA;1371;83,72;0,0274896670291914;9,16666666666667;-1,92020715446033
"856";"MG_Prpa_o_18_09";315;"o";"2019";"";"Prpa";6;2019;NA;NA;NA;1372;83,72;0,0274896670291914;9,16666666666667;-1,92020715446033
"857";"MG_Prpa_o_18_09";315;"o";"2019";"";"Prpa";5,5;2019;NA;NA;NA;1373;83,72;0,0274896670291914;9,16666666666667;-1,92020715446033
"858";"MG_Prpa_o_18_09";315;"o";"2019";"";"Prpa";7;2019;NA;NA;NA;1374;83,72;0,0274896670291914;9,16666666666667;-1,92020715446033
"859";"MG_Rhca_l_18_07";36;"l";"2019";"";"Rhca";6;2019;NA;NA;NA;1375;86,975;0,578398419586704;10;-1,83294460718539
"860";"MG_Rhca_l_18_07";36;"l";"2019";"";"Rhca";6;2019;NA;NA;NA;1376;86,975;0,578398419586704;10;-1,83294460718539
"861";"MG_Rhca_l_18_07";36;"l";"2019";"";"Rhca";5,5;2019;NA;NA;NA;1377;86,975;0,578398419586704;10;-1,83294460718539
"862";"MG_Rhca_l_18_07";36;"l";"2019";"";"Rhca";4,5;2019;NA;NA;NA;1378;86,975;0,578398419586704;10;-1,83294460718539
"863";"MG_Rhca_o_18_01";315;"o";"2019";"";"Rhca";3,5;2019;NA;NA;NA;1379;83,095;-0,0782915834618825;24,8333333333333;-0,279671265691311
"864";"MG_Rhca_o_18_01";315;"o";"2019";"";"Rhca";5;2019;NA;NA;NA;1380;83,095;-0,0782915834618825;24,8333333333333;-0,279671265691311
"865";"MG_Rhca_o_18_02";315;"o";"2019";"";"Rhca";3;2019;NA;NA;NA;1381;89,125;0,942285921275999;12,3333333333333;-1,58860947481553
"866";"MG_Rhca_o_18_02";315;"o";"2019";"";"Rhca";3,5;2019;NA;NA;NA;1382;89,125;0,942285921275999;12,3333333333333;-1,58860947481553
"867";"MG_Rhca_o_18_02";315;"o";"2019";"";"Rhca";4,5;2019;NA;NA;NA;1383;89,125;0,942285921275999;12,3333333333333;-1,58860947481553
"868";"MG_Rhca_o_18_03";315;"o";"2019";"";"Rhca";3;2019;NA;NA;NA;1384;90,545;1,18262092239172;7,5;-2,09473224901023
"869";"MG_Rhca_o_18_03";315;"o";"2019";"";"Rhca";3;2019;NA;NA;NA;1385;90,545;1,18262092239172;7,5;-2,09473224901023
"870";"MG_Rhca_o_18_03";315;"o";"2019";"";"Rhca";4;2019;NA;NA;NA;1386;90,545;1,18262092239172;7,5;-2,09473224901023
"871";"MG_Rhca_o_18_08";315;"o";"2019";"";"Rhca";6;2019;NA;NA;NA;1387;86,515;0,500543419225274;4,5;-2,40887741920004
"872";"MG_Rhca_o_18_08";315;"o";"2019";"";"Rhca";6,5;2019;NA;NA;NA;1388;86,515;0,500543419225274;4,5;-2,40887741920004
"873";"MG_Rhca_o_18_08";315;"o";"2019";"";"Rhca";2;2019;NA;NA;NA;1389;86,515;0,500543419225274;4,5;-2,40887741920004
"874";"MG_Rhca_o_18_10";315;"o";"2019";"";"Rhca";2,5;2019;NA;NA;NA;1390;80,325;-0,547114085638322;7,5;-2,09473224901023
"875";"MG_Rini_o_18_03";315;"o";"2019";"";"Rini";3;2019;NA;NA;NA;1391;89,125;0,942285921275999;12,3333333333333;-1,58860947481553
"876";"MG_Rini_o_18_07";314;"o";"2019";"";"Rini";4;2019;NA;NA;NA;1392;88,915;0,906743421110997;30,8333333333333;0,348619074688315
"877";"MG_Risp_l_18_06";13;"l";"2019";"";"Risp";4;2019;NA;NA;NA;1393;80,105;-0,584349085811182;19,8333333333333;-0,803246549340999
"878";"MG_Risp_l_18_07";13;"l";"2019";"";"Risp";3,5;2019;NA;NA;NA;1394;88,94;0,910974671130641;11,5;-1,67587202209048
"879";"MG_Risp_l_18_07";13;"l";"2019";"";"Risp";3,5;2019;NA;NA;NA;1395;88,94;0,910974671130641;11,5;-1,67587202209048
"880";"MG_Risp_l_18_07";13;"l";"2019";"";"Risp";4,5;2019;NA;NA;NA;1396;88,94;0,910974671130641;11,5;-1,67587202209048
"881";"MG_Risp_l_18_07";13;"l";"2019";"";"Risp";5;2019;NA;NA;NA;1397;88,94;0,910974671130641;11,5;-1,67587202209048
"882";"MG_Risp_l_18_07";13;"l";"2019";"";"Risp";4;2019;NA;NA;NA;1398;88,94;0,910974671130641;11,5;-1,67587202209048
"883";"MG_Risp_l_18_07";13;"l";"2019";"";"Risp";3,5;2019;NA;NA;NA;1399;88,94;0,910974671130641;11,5;-1,67587202209048
"884";"MG_Risp_l_18_07";13;"l";"2019";"";"Risp";4;2019;NA;NA;NA;1400;88,94;0,910974671130641;11,5;-1,67587202209048
"885";"MG_Sani_l_18_01";30;"l";"2019";"";"Sani";4,5;2019;NA;NA;NA;1401;85,33;0,299982168294198;31,8333333333333;0,453334131418252
"886";"MG_Sani_l_18_02";15;"l";"2019";"";"Sani";5;2019;NA;NA;NA;1402;64,63;-3,20349284797017;21;-0,681078983156072
"887";"MG_Sani_l_18_02";15;"l";"2019";"";"Sani";3,5;2019;NA;NA;NA;1403;64,63;-3,20349284797017;21;-0,681078983156072
"888";"MG_Sani_l_18_02";15;"l";"2019";"";"Sani";4;2019;NA;NA;NA;1404;64,63;-3,20349284797017;21;-0,681078983156072
"889";"MG_Sani_l_18_02";15;"l";"2019";"";"Sani";6,5;2019;NA;NA;NA;1405;64,63;-3,20349284797017;21;-0,681078983156072
"890";"MG_Sani_l_18_02";15;"l";"2019";"";"Sani";5;2019;NA;NA;NA;1406;64,63;-3,20349284797017;21;-0,681078983156072
"891";"MG_Sani_l_18_02";15;"l";"2019";"";"Sani";6;2019;NA;NA;NA;1407;64,63;-3,20349284797017;21;-0,681078983156072
"892";"MG_Sani_l_18_02";15;"l";"2019";"";"Sani";3,5;2019;NA;NA;NA;1408;64,63;-3,20349284797017;21;-0,681078983156072
"893";"MG_Sani_l_18_02";15;"l";"2019";"";"Sani";3;2019;NA;NA;NA;1409;64,63;-3,20349284797017;21;-0,681078983156072
"894";"MG_Sani_l_18_02";15;"l";"2019";"";"Sani";2;2019;NA;NA;NA;1410;64,63;-3,20349284797017;21;-0,681078983156072
"895";"MG_Sani_l_18_02";15;"l";"2019";"";"Sani";4;2019;NA;NA;NA;1411;64,63;-3,20349284797017;21;-0,681078983156072
"896";"MG_Sani_l_18_02";15;"l";"2019";"";"Sani";5;2019;NA;NA;NA;1412;64,63;-3,20349284797017;21;-0,681078983156072
"897";"MG_Sani_l_18_02";15;"l";"2019";"";"Sani";5;2019;NA;NA;NA;1413;64,63;-3,20349284797017;21;-0,681078983156072
"898";"MG_Sani_l_18_02";15;"l";"2019";"";"Sani";3;2019;NA;NA;NA;1414;64,63;-3,20349284797017;21;-0,681078983156072
"899";"MG_Sani_l_18_02";15;"l";"2019";"";"Sani";2;2019;NA;NA;NA;1415;64,63;-3,20349284797017;21;-0,681078983156072
"900";"MG_Sani_l_18_02";15;"l";"2019";"";"Sani";4,5;2019;NA;NA;NA;1416;64,63;-3,20349284797017;21;-0,681078983156072
"901";"MG_Sani_l_18_02";15;"l";"2019";"";"Sani";5;2019;NA;NA;NA;1417;64,63;-3,20349284797017;21;-0,681078983156072
"902";"MG_Sani_l_18_02";15;"l";"2019";"";"Sani";2;2019;NA;NA;NA;1418;64,63;-3,20349284797017;21;-0,681078983156072
"903";"MG_Sani_l_18_02";15;"l";"2019";"";"Sani";3;2019;NA;NA;NA;1419;64,63;-3,20349284797017;21;-0,681078983156072
"904";"MG_Sani_l_18_02";15;"l";"2019";"";"Sani";4,5;2019;NA;NA;NA;1420;64,63;-3,20349284797017;21;-0,681078983156072
"905";"MG_Sani_l_18_02";15;"l";"2019";"";"Sani";4,5;2019;NA;NA;NA;1421;64,63;-3,20349284797017;21;-0,681078983156072
"906";"MG_Sani_l_18_02";15;"l";"2019";"";"Sani";5,5;2019;NA;NA;NA;1422;64,63;-3,20349284797017;21;-0,681078983156072
"907";"MG_Sani_l_18_03";15;"l";"2019";"";"Sani";4,5;2019;NA;NA;NA;1423;59,71;-4,0362028518359;19,1666666666667;-0,873056587160957
"908";"MG_Sani_l_18_03";15;"l";"2019";"";"Sani";4;2019;NA;NA;NA;1424;59,71;-4,0362028518359;19,1666666666667;-0,873056587160957
"909";"MG_Sani_l_18_03";15;"l";"2019";"";"Sani";3;2019;NA;NA;NA;1425;59,71;-4,0362028518359;19,1666666666667;-0,873056587160957
"910";"MG_Sani_l_18_03";15;"l";"2019";"";"Sani";5;2019;NA;NA;NA;1426;59,71;-4,0362028518359;19,1666666666667;-0,873056587160957
"911";"MG_Sani_l_18_03";15;"l";"2019";"";"Sani";4;2019;NA;NA;NA;1427;59,71;-4,0362028518359;19,1666666666667;-0,873056587160957
"912";"MG_Sani_l_18_03";15;"l";"2019";"";"Sani";6;2019;NA;NA;NA;1428;59,71;-4,0362028518359;19,1666666666667;-0,873056587160957
"913";"MG_Sani_l_18_03";15;"l";"2019";"";"Sani";5;2019;NA;NA;NA;1429;59,71;-4,0362028518359;19,1666666666667;-0,873056587160957
"914";"MG_Sani_l_18_03";15;"l";"2019";"";"Sani";4;2019;NA;NA;NA;1430;59,71;-4,0362028518359;19,1666666666667;-0,873056587160957
"915";"MG_Sani_l_18_03";15;"l";"2019";"";"Sani";5;2019;NA;NA;NA;1431;59,71;-4,0362028518359;19,1666666666667;-0,873056587160957
"916";"MG_Sani_l_18_03";15;"l";"2019";"";"Sani";4;2019;NA;NA;NA;1432;59,71;-4,0362028518359;19,1666666666667;-0,873056587160957
"917";"MG_Sani_l_18_03";15;"l";"2019";"";"Sani";3;2019;NA;NA;NA;1433;59,71;-4,0362028518359;19,1666666666667;-0,873056587160957
"918";"MG_Sani_l_18_03";15;"l";"2019";"";"Sani";3;2019;NA;NA;NA;1434;59,71;-4,0362028518359;19,1666666666667;-0,873056587160957
"919";"MG_Sani_l_18_03";15;"l";"2019";"";"Sani";6;2019;NA;NA;NA;1435;59,71;-4,0362028518359;19,1666666666667;-0,873056587160957
"920";"MG_Sani_l_18_03";15;"l";"2019";"";"Sani";4;2019;NA;NA;NA;1436;59,71;-4,0362028518359;19,1666666666667;-0,873056587160957
"921";"MG_Sani_l_18_03";15;"l";"2019";"";"Sani";3,5;2019;NA;NA;NA;1437;59,71;-4,0362028518359;19,1666666666667;-0,873056587160957
"922";"MG_Sani_l_18_03";15;"l";"2019";"";"Sani";5;2019;NA;NA;NA;1438;59,71;-4,0362028518359;19,1666666666667;-0,873056587160957
"923";"MG_Sani_l_18_03";15;"l";"2019";"";"Sani";3,5;2019;NA;NA;NA;1439;59,71;-4,0362028518359;19,1666666666667;-0,873056587160957
"924";"MG_Sani_l_18_03";15;"l";"2019";"";"Sani";3;2019;NA;NA;NA;1440;59,71;-4,0362028518359;19,1666666666667;-0,873056587160957
"925";"MG_Sani_l_18_03";15;"l";"2019";"";"Sani";4;2019;NA;NA;NA;1441;59,71;-4,0362028518359;19,1666666666667;-0,873056587160957
"926";"MG_Sani_l_18_07";11;"l";"2019";"";"Sani";4;2019;NA;NA;NA;1442;87,395;0,649483419916708;12,3333333333333;-1,58860947481553
"927";"MG_Sani_l_18_07";11;"l";"2019";"";"Sani";3;2019;NA;NA;NA;1443;87,395;0,649483419916708;12,3333333333333;-1,58860947481553
"928";"MG_Sani_l_18_08";11;"l";"2019";"";"Sani";5;2019;NA;NA;NA;1444;60,385;-3,92195910130554;10;-1,83294460718539
"929";"MG_Soau_o_18_02";312;"o";"2019";"";"Soau";999;2019;NA;NA;NA;1445;86,725;0,536085919390274;6;-2,25180483410514
"930";"MG_Soau_o_18_02";312;"o";"2019";"";"Soau";2,5;2019;NA;NA;NA;1446;86,725;0,536085919390274;6;-2,25180483410514
"931";"MG_Soau_o_18_02";312;"o";"2019";"";"Soau";4;2019;NA;NA;NA;1447;86,725;0,536085919390274;6;-2,25180483410514
"932";"MG_Soau_o_18_03";312;"o";"2019";"";"Soau";4;2019;NA;NA;NA;1448;86,4;0,481079669134918;15,1666666666667;-1,29191681408071
"933";"MG_Soau_o_18_03";312;"o";"2019";"";"Soau";6;2019;NA;NA;NA;1449;86,4;0,481079669134918;15,1666666666667;-1,29191681408071
"934";"MG_Soau_o_18_03";312;"o";"2019";"";"Soau";3;2019;NA;NA;NA;1450;86,4;0,481079669134918;15,1666666666667;-1,29191681408071
"935";"MG_Soau_o_18_03";312;"o";"2019";"";"Soau";3;2019;NA;NA;NA;1451;86,4;0,481079669134918;15,1666666666667;-1,29191681408071
"936";"MG_Soau_o_18_08";303;"o";"2019";"";"Soau";4;2019;NA;NA;NA;1452;79,56;-0,676590336239396;10,3333333333333;-1,79803958827541
"937";"MG_Soau_o_18_10";303;"o";"2019";"";"Soau";6;2019;NA;NA;NA;1453;84,67;0,188277167775622;9,66666666666667;-1,86784962609536
"938";"MG_Soau_o_18_11";315;"o";"2019";"";"Soau";4;2019;NA;NA;NA;1454;89,125;0,942285921275999;12,3333333333333;-1,58860947481553
"939";"S2S_Eueu_l_16_03";30;"l";"2018";"";"Eueu";4,8;2018;NA;NA;0;1455;85,435;0,317753418376699;13,6666666666667;-1,44898939917561
"940";"S2S_Eueu_l_16_06";30;"l";"2018";"";"Eueu";6;2018;NA;NA;NA;1456;92,175;1,45849842367244;16,6666666666667;-1,1348442289858
"941";"S2S_Eueu_l_16_06";30;"l";"2018";"";"Eueu";7,5;2018;NA;NA;NA;1457;92,175;1,45849842367244;16,6666666666667;-1,1348442289858
"942";"S2S_Eueu_l_16_07";30;"l";"2019";"";"Fral";4,5;2019;NA;NA;NA;1458;84,02;0,0782646672649064;25,8333333333333;-0,174956208961373
"943";"S2S_Eueu_l_16_09";30;"l";"2018";"";"Eueu";4,5;2018;NA;NA;1;1459;94,5;1,85200467549923;15;-1,3093693235357
"944";"S2S_Eueu_l_16_09";30;"l";"2018";"";"Eueu";5,5;2018;NA;NA;0;1460;94,5;1,85200467549923;15;-1,3093693235357
"945";"S2S_Eueu_l_16_10";30;"l";"2018";"";"Eueu";999;2018;7;NA;1;1461;88,885;0,901665921087425;15;-1,3093693235357
"946";"S2S_Eueu_l_16_10";30;"l";"2018";"";"Eueu";999;2018;11;NA;1;1462;88,885;0,901665921087425;15;-1,3093693235357
"947";"S2S_Eueu_l_16_10";30;"l";"2018";"";"Eueu";999;2018;11;NA;1;1463;88,885;0,901665921087425;15;-1,3093693235357
"948";"S2S_Eueu_l_16_10";30;"l";"2018";"";"Eueu";999;2018;NA;NA;0;1464;88,885;0,901665921087425;15;-1,3093693235357
"949";"S2S_Eueu_l_16_10";30;"l";"2018";"";"Eueu";999;2018;NA;NA;0;1465;88,885;0,901665921087425;15;-1,3093693235357
"950";"S2S_Eueu_l_16_10";30;"l";"2018";"";"Eueu";999;2018;NA;NA;0;1466;88,885;0,901665921087425;15;-1,3093693235357
"954";"S2S_Eueu_l_16_13";112;"l";"2019";"";"Eueu";8,5;2019;NA;NA;NA;1470;86,16;0,440459668946344;34,1666666666667;0,697669263788107
"955";"S2S_Eueu_l_16_15";112;"l";"2019";"";"Eueu";7,5;2019;NA;NA;NA;1471;79,335;-0,714671586416184;33,3333333333333;0,610406716513159
"956";"S2S_Eueu_l_16_15";112;"l";"2019";"";"Eueu";6;2019;NA;NA;NA;1472;79,335;-0,714671586416184;33,3333333333333;0,610406716513159
"957";"S2S_Eueu_l_16_15";112;"l";"2019";"";"Eueu";6;2019;NA;NA;NA;1473;79,335;-0,714671586416184;33,3333333333333;0,610406716513159
"958";"S2S_Eueu_l_16_15";112;"l";"2019";"";"Eueu";6,5;2019;NA;NA;NA;1474;79,335;-0,714671586416184;33,3333333333333;0,610406716513159
"959";"S2S_Eueu_l_16_15";112;"l";"2019";"";"Eueu";6;2019;NA;NA;NA;1475;79,335;-0,714671586416184;33,3333333333333;0,610406716513159
"960";"S2S_Eueu_l_16_15";112;"l";"2019";"";"Eueu";7;2019;NA;NA;NA;1476;79,335;-0,714671586416184;33,3333333333333;0,610406716513159
"961";"S2S_Eueu_l_16_15";112;"l";"2019";"";"Eueu";6,3;2019;NA;NA;NA;1477;79,335;-0,714671586416184;33,3333333333333;0,610406716513159
"962";"S2S_Eueu_l_16_15";112;"l";"2019";"";"Eueu";5,2;2019;NA;NA;NA;1478;79,335;-0,714671586416184;33,3333333333333;0,610406716513159
"963";"S2S_Eueu_l_16_15";112;"l";"2019";"";"Eueu";6;2019;NA;NA;NA;1479;79,335;-0,714671586416184;33,3333333333333;0,610406716513159
"964";"S2S_Eueu_l_16_15";112;"l";"2019";"";"Eueu";8;2019;NA;NA;NA;1480;79,335;-0,714671586416184;33,3333333333333;0,610406716513159
"965";"S2S_Eueu_l_16_15";112;"l";"2019";"";"Eueu";6,7;2019;NA;NA;NA;1481;79,335;-0,714671586416184;33,3333333333333;0,610406716513159
"966";"S2S_Eueu_l_16_16";112;"l";"2019";"";"Eueu";9;2019;NA;NA;NA;1482;83,18;-0,0639053333950951;35;0,784931811063055
"967";"S2S_Eueu_l_16_17";112;"l";"2018";"";"Eueu";2,9;2018;NA;NA;0;1483;78,6966666666667;-0,822709503584399;25,8333333333333;-0,174956208961373
"968";"S2S_Eueu_l_16_17";112;"l";"2018";"";"Eueu";3,2;2018;4;NA;1;1484;78,6966666666667;-0,822709503584399;25,8333333333333;-0,174956208961373
"969";"S2S_Eueu_l_16_17";112;"l";"2018";"";"Eueu";4,8;2018;8;NA;1;1485;78,6966666666667;-0,822709503584399;25,8333333333333;-0,174956208961373
"970";"S2S_Eueu_l_16_17";112;"l";"2018";"";"Eueu";5,3;2018;8;NA;1;1486;78,6966666666667;-0,822709503584399;25,8333333333333;-0,174956208961373
"971";"S2S_Eueu_l_16_17";112;"l";"2018";"";"Eueu";6;2018;8;NA;1;1487;78,6966666666667;-0,822709503584399;25,8333333333333;-0,174956208961373
"972";"S2S_Eueu_l_16_17";112;"l";"2018";"";"Eueu";6;2018;NA;NA;0;1488;78,6966666666667;-0,822709503584399;25,8333333333333;-0,174956208961373
"973";"S2S_Eueu_l_16_17";112;"l";"2018";"";"Eueu";6,4;2018;7;NA;1;1489;78,6966666666667;-0,822709503584399;25,8333333333333;-0,174956208961373
"974";"S2S_Eueu_l_16_17";112;"l";"2018";"";"Eueu";999;2018;NA;NA;0;1490;78,6966666666667;-0,822709503584399;25,8333333333333;-0,174956208961373
"980";"S2S_Eueu_l_16_18";112;"l";"2019";"";"Eueu";9;2019;NA;NA;NA;1496;83,275;-0,0478265833204521;38,3333333333333;1,13398200016285
"981";"S2S_Eueu_l_16_18";112;"l";"2019";"";"Eueu";8;2019;NA;NA;NA;1497;83,275;-0,0478265833204521;38,3333333333333;1,13398200016285
"982";"S2S_Eueu_l_16_19";112;"l";"2017";"";"Eueu";999;2018;NA;NA;0;1498;82,525;-0,174764083909741;35;0,784931811063055
"983";"S2S_Eueu_l_17_01";30;"l";"2018";"";"Eueu";999;2018;5,1;NA;1;1499;88,885;0,901665921087425;15;-1,3093693235357
"984";"S2S_Eueu_l_17_01";30;"l";"2018";"";"Eueu";999;2018;6,6;NA;1;1500;88,885;0,901665921087425;15;-1,3093693235357
"987";"S2S_Eueu_l_17_01";30;"l";"2019";"";"Eueu";5,7;2019;NA;NA;NA;1503;88,885;0,901665921087425;15;-1,3093693235357
"988";"S2S_Eueu_l_17_01";30;"l";"2019";"";"Eueu";7,7;2019;NA;NA;NA;1504;88,885;0,901665921087425;15;-1,3093693235357
"989";"S2S_Eueu_l_17_01";30;"l";"2019";"";"Eueu";6,9;2019;NA;NA;NA;1505;88,885;0,901665921087425;15;-1,3093693235357
"990";"S2S_Eueu_l_17_01";30;"l";"2019";"";"Eueu";6;2019;NA;NA;NA;1506;88,885;0,901665921087425;15;-1,3093693235357
"991";"S2S_Eueu_l_17_03";30;"l";"2019";"";"Eueu";6;2019;NA;NA;NA;1507;87,64;0,690949670109207;25,8333333333333;-0,174956208961373
"992";"S2S_Eueu_l_17_03";30;"l";"2019";"";"Eueu";6;2019;NA;NA;NA;1508;87,64;0,690949670109207;25,8333333333333;-0,174956208961373
"993";"S2S_Eueu_l_17_03";30;"l";"2019";"";"Eueu";7,5;2019;NA;NA;NA;1509;87,64;0,690949670109207;25,8333333333333;-0,174956208961373
"994";"S2S_Eueu_l_17_04";30;"l";"2019";"";"Eueu";3,5;2019;NA;NA;NA;1510;94,5;1,85200467549923;15;-1,3093693235357
"995";"S2S_Eueu_l_17_09";112;"l";"2018";"";"Eueu";3,5;2018;5,9;NA;1;1511;82,665;-0,151069083799743;36,6666666666667;0,959456905612951
"997";"S2S_Eueu_l_17_09";112;"l";"2019";"";"Eueu";5,3;2019;NA;NA;NA;1513;82,665;-0,151069083799743;36,6666666666667;0,959456905612951
"998";"S2S_Eueu_l_17_09";112;"l";"2019";"";"Eueu";5,5;2019;NA;NA;NA;1514;82,665;-0,151069083799743;36,6666666666667;0,959456905612951
"999";"S2S_Eueu_l_18_02";30;"l";"2019";"";"Eueu";5,5;2019;NA;NA;NA;1515;83,395;-0,0275165832261651;17,5;-1,04758168171085
"1000";"S2S_Eueu_l_18_10";30;"l";"2019";"";"Eueu";8;2019;NA;NA;NA;1516;88,885;0,901665921087425;15;-1,3093693235357
"1001";"S2S_Eueu_l_18_10";30;"l";"2019";"";"Eueu";13;2019;NA;NA;NA;1517;88,885;0,901665921087425;15;-1,3093693235357
"1002";"S2S_Eueu_l_18_10";30;"l";"2019";"";"Eueu";5;2019;NA;NA;NA;1518;88,885;0,901665921087425;15;-1,3093693235357
"1003";"S2S_Eueu_l_18_11";112;"l";"2019";"";"Eueu";10;2019;NA;NA;NA;1519;84,49;0,157812167634196;25,8333333333333;-0,174956208961373
"1004";"S2S_Eueu_l_18_11";112;"l";"2019";"";"Eueu";6;2019;NA;NA;NA;1520;84,49;0,157812167634196;25,8333333333333;-0,174956208961373
"1005";"S2S_Eueu_l_18_11";112;"l";"2019";"";"Eueu";7;2019;NA;NA;NA;1521;84,49;0,157812167634196;25,8333333333333;-0,174956208961373
"1006";"S2S_Eueu_l_18_11";112;"l";"2019";"";"Eueu";8;2019;NA;NA;NA;1522;84,49;0,157812167634196;25,8333333333333;-0,174956208961373
"1007";"S2S_Eueu_l_18_11";112;"l";"2019";"";"Eueu";6;2019;NA;NA;NA;1523;84,49;0,157812167634196;25,8333333333333;-0,174956208961373
"1008";"S2S_Eueu_l_18_14";112;"l";"2019";"";"Eueu";5,5;2019;NA;NA;NA;1524;79,335;-0,714671586416184;40;1,30850709471274
"1009";"S2S_Eueu_l_18_17";112;"l";"2019";"";"Eueu";8,5;2019;NA;NA;NA;1525;78,6966666666667;-0,822709503584399;25,8333333333333;-0,174956208961373
"1010";"S2S_Eueu_l_18_17";112;"l";"2019";"";"Eueu";6,5;2019;NA;NA;NA;1526;78,6966666666667;-0,822709503584399;25,8333333333333;-0,174956208961373
"1011";"S2S_Eueu_l_18_18";112;"l";"2019";"";"Eueu";7,8;2019;NA;NA;NA;1527;83,275;-0,0478265833204521;38,3333333333333;1,13398200016285
"1012";"S2S_Eueu_l_18_18";112;"l";"2019";"";"Eueu";7,1;2019;NA;NA;NA;1528;83,275;-0,0478265833204521;38,3333333333333;1,13398200016285
"1013";"S2S_Eueu_o_16_01";315;"o";"2018";"";"Eueu";3;2018;NA;NA;0;1529;84,98;0,240744668019195;24,1666666666667;-0,349481303511269
"1014";"S2S_Eueu_o_16_01";315;"o";"2018";"";"Eueu";3,7;2018;NA;NA;0;1530;84,98;0,240744668019195;24,1666666666667;-0,349481303511269
"1015";"S2S_Eueu_o_16_01";315;"o";"2018";"";"Eueu";3,8;2018;NA;NA;0;1531;84,98;0,240744668019195;24,1666666666667;-0,349481303511269
"1016";"S2S_Eueu_o_16_01";315;"o";"2018";"";"Eueu";3,8;2018;NA;NA;0;1532;84,98;0,240744668019195;24,1666666666667;-0,349481303511269
"1017";"S2S_Eueu_o_16_01";315;"o";"2018";"";"Eueu";4;2018;NA;NA;0;1533;84,98;0,240744668019195;24,1666666666667;-0,349481303511269
"1018";"S2S_Eueu_o_16_01";315;"o";"2018";"";"Eueu";4,3;2018;6;NA;1;1534;84,98;0,240744668019195;24,1666666666667;-0,349481303511269
"1019";"S2S_Eueu_o_16_01";315;"o";"2018";"";"Eueu";4,5;2018;7,5;NA;1;1535;84,98;0,240744668019195;24,1666666666667;-0,349481303511269
"1020";"S2S_Eueu_o_16_01";315;"o";"2018";"";"Eueu";4,5;2018;NA;NA;0;1536;84,98;0,240744668019195;24,1666666666667;-0,349481303511269
"1021";"S2S_Eueu_o_16_01";315;"o";"2018";"";"Eueu";5;2018;NA;NA;0;1537;84,98;0,240744668019195;24,1666666666667;-0,349481303511269
"1022";"S2S_Eueu_o_16_01";315;"o";"2018";"";"Eueu";6;2018;NA;NA;0;1538;84,98;0,240744668019195;24,1666666666667;-0,349481303511269
"1023";"S2S_Eueu_o_16_01";315;"o";"2018";"";"Eueu";6;2018;NA;NA;0;1539;84,98;0,240744668019195;24,1666666666667;-0,349481303511269
"1024";"S2S_Eueu_o_16_01";315;"o";"2018";"";"Eueu";6,5;2018;NA;NA;0;1540;84,98;0,240744668019195;24,1666666666667;-0,349481303511269
"1025";"S2S_Eueu_o_16_01";315;"o";"2018";"";"Eueu";7,5;2018;NA;NA;0;1541;84,98;0,240744668019195;24,1666666666667;-0,349481303511269
"1028";"S2S_Eueu_o_16_02";315;"o";"2018";"";"Eueu";999;2018;7,5;NA;1;1544;83,82;0,0444146671077623;30,8333333333333;0,348619074688315
"1029";"S2S_Eueu_o_16_02";315;"o";"2018";"";"Eueu";999;2018;6,2;NA;1;1545;83,82;0,0444146671077623;30,8333333333333;0,348619074688315
"1030";"S2S_Eueu_o_16_02";315;"o";"2018";"";"Eueu";999;2018;6,5;NA;1;1546;83,82;0,0444146671077623;30,8333333333333;0,348619074688315
"1031";"S2S_Eueu_o_16_02";315;"o";"2018";"";"Eueu";999;2018;3,7;NA;1;1547;83,82;0,0444146671077623;30,8333333333333;0,348619074688315
"1032";"S2S_Eueu_o_16_02";315;"o";"2018";"";"Eueu";999;2018;NA;NA;0;1548;83,82;0,0444146671077623;30,8333333333333;0,348619074688315
"1037";"S2S_Eueu_o_16_03";315;"o";"2018";"";"Eueu";2,7;2018;13;NA;1;1553;84,85;0,218742167917052;12,5;-1,57115696536054
"1038";"S2S_Eueu_o_16_03";315;"o";"2018";"";"Eueu";3,8;2018;10;NA;1;1554;84,85;0,218742167917052;12,5;-1,57115696536054
"1039";"S2S_Eueu_o_16_03";315;"o";"2018";"";"Eueu";4;2018;NA;NA;0;1555;84,85;0,218742167917052;12,5;-1,57115696536054
"1040";"S2S_Eueu_o_16_03";315;"o";"2018";"";"Eueu";4;2018;12;NA;1;1556;84,85;0,218742167917052;12,5;-1,57115696536054
"1041";"S2S_Eueu_o_16_03";315;"o";"2018";"";"Eueu";4,3;2018;11;NA;1;1557;84,85;0,218742167917052;12,5;-1,57115696536054
"1042";"S2S_Eueu_o_16_03";315;"o";"2018";"";"Eueu";4,8;2018;15;NA;1;1558;84,85;0,218742167917052;12,5;-1,57115696536054
"1043";"S2S_Eueu_o_16_03";315;"o";"2018";"";"Eueu";5,4;2018;NA;NA;0;1559;84,85;0,218742167917052;12,5;-1,57115696536054
"1044";"S2S_Eueu_o_16_03";315;"o";"2018";"";"Eueu";5,5;2018;10;NA;1;1560;84,85;0,218742167917052;12,5;-1,57115696536054
"1045";"S2S_Eueu_o_16_03";315;"o";"2018";"";"Eueu";5,5;2018;12;NA;1;1561;84,85;0,218742167917052;12,5;-1,57115696536054
"1046";"S2S_Eueu_o_16_03";315;"o";"2018";"";"Eueu";6;2018;13;NA;1;1562;84,85;0,218742167917052;12,5;-1,57115696536054
"1047";"S2S_Eueu_o_16_03";315;"o";"2018";"";"Eueu";6,3;2018;NA;NA;0;1563;84,85;0,218742167917052;12,5;-1,57115696536054
"1048";"S2S_Eueu_o_16_03";315;"o";"2018";"";"Eueu";6,3;2018;12;NA;1;1564;84,85;0,218742167917052;12,5;-1,57115696536054
"1049";"S2S_Eueu_o_16_03";315;"o";"2018";"";"Eueu";6,5;2018;17;NA;1;1565;84,85;0,218742167917052;12,5;-1,57115696536054
"1050";"S2S_Eueu_o_16_03";315;"o";"2018";"";"Eueu";7;2018;14;NA;1;1566;84,85;0,218742167917052;12,5;-1,57115696536054
"1062";"S2S_Eueu_o_16_05";315;"o";"2017";"";"Eueu";999;2017;4,4;NA;1;1578;72,35;-1,89688284190443;23,3333333333333;-0,436743850786218
"1063";"S2S_Eueu_o_16_05";315;"o";"2017";"";"Eueu";999;2017;6;NA;1;1579;72,35;-1,89688284190443;23,3333333333333;-0,436743850786218
"1068";"S2S_Eueu_o_16_05";315;"o";"2018";"";"Eueu";2,7;2018;7;NA;1;1584;72,35;-1,89688284190443;23,3333333333333;-0,436743850786218
"1069";"S2S_Eueu_o_16_05";315;"o";"2018";"";"Eueu";2,7;2018;6;NA;1;1585;72,35;-1,89688284190443;23,3333333333333;-0,436743850786218
"1070";"S2S_Eueu_o_16_05";315;"o";"2018";"";"Eueu";3,5;2018;NA;NA;0;1586;72,35;-1,89688284190443;23,3333333333333;-0,436743850786218
"1071";"S2S_Eueu_o_16_05";315;"o";"2018";"";"Eueu";4;2018;6;NA;1;1587;72,35;-1,89688284190443;23,3333333333333;-0,436743850786218
"1072";"S2S_Eueu_o_16_05";315;"o";"2018";"";"Eueu";4;2018;6;NA;1;1588;72,35;-1,89688284190443;23,3333333333333;-0,436743850786218
"1073";"S2S_Eueu_o_16_05";315;"o";"2018";"";"Eueu";4,1;2018;NA;NA;0;1589;72,35;-1,89688284190443;23,3333333333333;-0,436743850786218
"1074";"S2S_Eueu_o_16_05";315;"o";"2018";"";"Eueu";4,4;2018;NA;NA;0;1590;72,35;-1,89688284190443;23,3333333333333;-0,436743850786218
"1075";"S2S_Eueu_o_16_05";315;"o";"2018";"";"Eueu";4,5;2018;9;NA;1;1591;72,35;-1,89688284190443;23,3333333333333;-0,436743850786218
"1076";"S2S_Eueu_o_16_05";315;"o";"2018";"";"Eueu";4,8;2018;8,5;NA;1;1592;72,35;-1,89688284190443;23,3333333333333;-0,436743850786218
"1077";"S2S_Eueu_o_16_05";315;"o";"2018";"";"Eueu";5,5;2018;6;NA;1;1593;72,35;-1,89688284190443;23,3333333333333;-0,436743850786218
"1078";"S2S_Eueu_o_16_05";315;"o";"2018";"";"Eueu";5,7;2018;8;NA;1;1594;72,35;-1,89688284190443;23,3333333333333;-0,436743850786218
"1079";"S2S_Eueu_o_16_05";315;"o";"2018";"";"Eueu";6;2018;7;NA;1;1595;72,35;-1,89688284190443;23,3333333333333;-0,436743850786218
"1089";"S2S_Eueu_o_16_06";315;"o";"2018";"";"Eueu";3,6;2018;NA;NA;NA;1605;75,975;-1,2833515890562;22,5;-0,524006398061165
"1090";"S2S_Eueu_o_16_06";315;"o";"2018";"";"Eueu";4;2018;NA;NA;NA;1606;75,975;-1,2833515890562;22,5;-0,524006398061165
"1091";"S2S_Eueu_o_16_06";315;"o";"2018";"";"Eueu";4,8;2018;NA;NA;NA;1607;75,975;-1,2833515890562;22,5;-0,524006398061165
"1092";"S2S_Eueu_o_16_06";315;"o";"2018";"";"Eueu";5;2018;NA;NA;NA;1608;75,975;-1,2833515890562;22,5;-0,524006398061165
"1093";"S2S_Eueu_o_16_06";315;"o";"2018";"";"Eueu";5,2;2018;NA;NA;NA;1609;75,975;-1,2833515890562;22,5;-0,524006398061165
"1094";"S2S_Eueu_o_16_06";315;"o";"2018";"";"Eueu";5,4;2018;NA;NA;NA;1610;75,975;-1,2833515890562;22,5;-0,524006398061165
"1095";"S2S_Eueu_o_16_06";315;"o";"2018";"";"Eueu";5,5;2018;NA;NA;NA;1611;75,975;-1,2833515890562;22,5;-0,524006398061165
"1096";"S2S_Eueu_o_16_06";315;"o";"2018";"";"Eueu";5,7;2018;NA;NA;NA;1612;75,975;-1,2833515890562;22,5;-0,524006398061165
"1097";"S2S_Eueu_o_16_06";315;"o";"2018";"";"Eueu";6,5;2018;NA;NA;NA;1613;75,975;-1,2833515890562;22,5;-0,524006398061165
"1098";"S2S_Eueu_o_16_06";315;"o";"2018";"";"Eueu";6,5;2018;NA;NA;NA;1614;75,975;-1,2833515890562;22,5;-0,524006398061165
"1099";"S2S_Eueu_o_16_06";315;"o";"2018";"";"Eueu";6,8;2018;NA;NA;NA;1615;75,975;-1,2833515890562;22,5;-0,524006398061165
"1100";"S2S_Eueu_o_16_06";315;"o";"2018";"";"Eueu";7,5;2018;NA;NA;NA;1616;75,975;-1,2833515890562;22,5;-0,524006398061165
"1101";"S2S_Eueu_o_16_06";315;"o";"2018";"";"Eueu";7,8;2018;NA;NA;NA;1617;75,975;-1,2833515890562;22,5;-0,524006398061165
"1102";"S2S_Eueu_o_16_06";315;"o";"2018";"";"Eueu";8,2;2018;NA;NA;NA;1618;75,975;-1,2833515890562;22,5;-0,524006398061165
"1103";"S2S_Eueu_o_16_07";315;"o";"2019";"";"Eueu";3;2019;NA;NA;NA;1619;88,11;0,770497170478495;17,0833333333333;-1,09121295534833
"1104";"S2S_Eueu_o_16_07";315;"o";"2019";"";"Eueu";4;2019;NA;NA;NA;1620;88,11;0,770497170478495;17,0833333333333;-1,09121295534833
"1105";"S2S_Eueu_o_16_07";315;"o";"2019";"";"Eueu";5;2019;NA;NA;NA;1621;88,11;0,770497170478495;17,0833333333333;-1,09121295534833
"1106";"S2S_Eueu_o_16_07";315;"o";"2018";"";"Eueu";999;2018;NA;NA;0;1622;88,11;0,770497170478495;17,0833333333333;-1,09121295534833
"1107";"S2S_Eueu_o_16_07";315;"o";"2018";"";"Eueu";999;2018;NA;NA;0;1623;88,11;0,770497170478495;17,0833333333333;-1,09121295534833
"1108";"S2S_Eueu_o_16_07";315;"o";"2018";"";"Eueu";999;2018;10;NA;1;1624;88,11;0,770497170478495;17,0833333333333;-1,09121295534833
"1109";"S2S_Eueu_o_16_07";315;"o";"2018";"";"Eueu";999;2018;11,5;NA;1;1625;88,11;0,770497170478495;17,0833333333333;-1,09121295534833
"1110";"S2S_Eueu_o_16_07";315;"o";"2018";"";"Eueu";999;2018;NA;NA;0;1626;88,11;0,770497170478495;17,0833333333333;-1,09121295534833
"1111";"S2S_Eueu_o_16_07";315;"o";"2018";"";"Eueu";999;2018;NA;NA;0;1627;88,11;0,770497170478495;17,0833333333333;-1,09121295534833
"1112";"S2S_Eueu_o_16_07";315;"o";"2018";"";"Eueu";999;2018;NA;NA;0;1628;88,11;0,770497170478495;17,0833333333333;-1,09121295534833
"1113";"S2S_Eueu_o_16_07";315;"o";"2018";"";"Eueu";999;2018;NA;NA;0;1629;88,11;0,770497170478495;17,0833333333333;-1,09121295534833
"1114";"S2S_Eueu_o_16_07";315;"o";"2018";"";"Eueu";999;2018;NA;NA;0;1630;88,11;0,770497170478495;17,0833333333333;-1,09121295534833
"1117";"S2S_Eueu_o_16_08";315;"o";"2019";"";"Eueu";7;2019;NA;NA;NA;1633;79,55;-0,678282836247252;46,6666666666667;2,00660747291233
"1118";"S2S_Eueu_o_16_08";315;"o";"2019";"";"Eueu";7;2019;NA;NA;NA;1634;79,55;-0,678282836247252;46,6666666666667;2,00660747291233
"1119";"S2S_Eueu_o_16_09";315;"o";"2019";"";"Eueu";8;2019;NA;NA;NA;1635;91,295;1,30955842298101;27,5;-0,000431114411477333
"1120";"S2S_Eueu_o_16_09";315;"o";"2018";"";"Eueu";3,5;2018;NA;NA;0;1636;91,295;1,30955842298101;27,5;-0,000431114411477333
"1121";"S2S_Eueu_o_16_09";315;"o";"2018";"";"Eueu";4,3;2018;NA;NA;0;1637;91,295;1,30955842298101;27,5;-0,000431114411477333
"1122";"S2S_Eueu_o_16_09";315;"o";"2018";"";"Eueu";4,5;2018;NA;NA;0;1638;91,295;1,30955842298101;27,5;-0,000431114411477333
"1123";"S2S_Eueu_o_16_09";315;"o";"2018";"";"Eueu";4,6;2018;NA;NA;0;1639;91,295;1,30955842298101;27,5;-0,000431114411477333
"1124";"S2S_Eueu_o_16_09";315;"o";"2018";"";"Eueu";4,8;2018;10;NA;1;1640;91,295;1,30955842298101;27,5;-0,000431114411477333
"1125";"S2S_Eueu_o_16_09";315;"o";"2018";"";"Eueu";5;2018;NA;NA;0;1641;91,295;1,30955842298101;27,5;-0,000431114411477333
"1126";"S2S_Eueu_o_16_09";315;"o";"2018";"";"Eueu";5;2018;NA;NA;0;1642;91,295;1,30955842298101;27,5;-0,000431114411477333
"1127";"S2S_Eueu_o_16_09";315;"o";"2018";"";"Eueu";5,5;2018;NA;NA;0;1643;91,295;1,30955842298101;27,5;-0,000431114411477333
"1128";"S2S_Eueu_o_16_09";315;"o";"2018";"";"Eueu";6;2018;NA;NA;0;1644;91,295;1,30955842298101;27,5;-0,000431114411477333
"1129";"S2S_Eueu_o_16_09";315;"o";"2018";"";"Eueu";6,5;2018;NA;NA;0;1645;91,295;1,30955842298101;27,5;-0,000431114411477333
"1130";"S2S_Eueu_o_16_09";315;"o";"2018";"";"Eueu";6,5;2018;NA;NA;0;1646;91,295;1,30955842298101;27,5;-0,000431114411477333
"1131";"S2S_Eueu_o_16_09";315;"o";"2018";"";"Eueu";8;2018;NA;NA;0;1647;91,295;1,30955842298101;27,5;-0,000431114411477333
"1132";"S2S_Eueu_o_16_09";315;"o";"2018";"";"Eueu";8,5;2018;NA;NA;0;1648;91,295;1,30955842298101;27,5;-0,000431114411477333
"1133";"S2S_Eueu_o_16_09";315;"o";"2018";"";"Eueu";8,5;2018;12,5;NA;1;1649;91,295;1,30955842298101;27,5;-0,000431114411477333
"1134";"S2S_Eueu_o_16_09";315;"o";"2018";"";"Eueu";10;2018;NA;NA;0;1650;91,295;1,30955842298101;27,5;-0,000431114411477333
"1137";"S2S_Eueu_o_16_10";315;"o";"2018";"";"Eueu";1,8;2018;NA;NA;0;1653;83,915;0,0604934171824053;25,8333333333333;-0,174956208961373
"1138";"S2S_Eueu_o_16_10";315;"o";"2018";"";"Eueu";3;2018;NA;NA;0;1654;83,915;0,0604934171824053;25,8333333333333;-0,174956208961373
"1139";"S2S_Eueu_o_16_10";315;"o";"2018";"";"Eueu";4,5;2018;NA;NA;0;1655;83,915;0,0604934171824053;25,8333333333333;-0,174956208961373
"1140";"S2S_Eueu_o_16_10";315;"o";"2018";"";"Eueu";5;2018;9;NA;1;1656;83,915;0,0604934171824053;25,8333333333333;-0,174956208961373
"1141";"S2S_Eueu_o_16_10";315;"o";"2018";"";"Eueu";6;2018;NA;NA;0;1657;83,915;0,0604934171824053;25,8333333333333;-0,174956208961373
"1143";"S2S_Eueu_o_16_13";314;"o";"2018";"";"Eueu";999;2018;4,9;NA;1;1659;82,015;-0,261081584310458;36,6666666666667;0,959456905612951
"1144";"S2S_Eueu_o_16_13";314;"o";"2018";"";"Eueu";999;2018;7,4;NA;1;1660;82,015;-0,261081584310458;36,6666666666667;0,959456905612951
"1145";"S2S_Eueu_o_16_13";314;"o";"2018";"";"Eueu";999;2018;11,3;NA;1;1661;82,015;-0,261081584310458;36,6666666666667;0,959456905612951
"1146";"S2S_Eueu_o_16_13";314;"o";"2018";"";"Eueu";999;2018;7,4;NA;1;1662;82,015;-0,261081584310458;36,6666666666667;0,959456905612951
"1147";"S2S_Eueu_o_16_13";314;"o";"2018";"";"Eueu";999;2018;4,9;NA;1;1663;82,015;-0,261081584310458;36,6666666666667;0,959456905612951
"1148";"S2S_Eueu_o_16_13";314;"o";"2018";"";"Eueu";999;2018;6,2;NA;1;1664;82,015;-0,261081584310458;36,6666666666667;0,959456905612951
"1149";"S2S_Eueu_o_16_13";314;"o";"2018";"";"Eueu";999;2018;6,3;NA;1;1665;82,015;-0,261081584310458;36,6666666666667;0,959456905612951
"1150";"S2S_Eueu_o_16_13";314;"o";"2018";"";"Eueu";999;2018;7;NA;1;1666;82,015;-0,261081584310458;36,6666666666667;0,959456905612951
"1151";"S2S_Eueu_o_16_13";314;"o";"2018";"";"Eueu";999;2018;7,3;NA;1;1667;82,015;-0,261081584310458;36,6666666666667;0,959456905612951
"1152";"S2S_Eueu_o_16_13";314;"o";"2018";"";"Eueu";999;2018;6,1;NA;1;1668;82,015;-0,261081584310458;36,6666666666667;0,959456905612951
"1153";"S2S_Eueu_o_16_13";314;"o";"2018";"";"Eueu";999;2018;7,1;NA;1;1669;82,015;-0,261081584310458;36,6666666666667;0,959456905612951
"1154";"S2S_Eueu_o_16_13";314;"o";"2018";"";"Eueu";999;2018;7,3;NA;1;1670;82,015;-0,261081584310458;36,6666666666667;0,959456905612951
"1155";"S2S_Eueu_o_16_13";314;"o";"2018";"";"Eueu";999;2018;4,4;NA;1;1671;82,015;-0,261081584310458;36,6666666666667;0,959456905612951
"1156";"S2S_Eueu_o_16_13";314;"o";"2018";"";"Eueu";999;2018;5,9;NA;1;1672;82,015;-0,261081584310458;36,6666666666667;0,959456905612951
"1171";"S2S_Eueu_o_16_13";314;"o";"2019";"";"Eueu";4,6;2019;NA;NA;NA;1687;82,015;-0,261081584310458;36,6666666666667;0,959456905612951
"1172";"S2S_Eueu_o_16_13";314;"o";"2018";"";"Eueu";999;2018;3,1;NA;1;1688;82,015;-0,261081584310458;36,6666666666667;0,959456905612951
"1174";"S2S_Eueu_o_16_14";314;"o";"2018";"";"Eueu";999;2018;9;NA;1;1690;81,83;-0,292392834455816;36,6666666666667;0,959456905612951
"1175";"S2S_Eueu_o_16_14";314;"o";"2018";"";"Eueu";999;2018;10;NA;1;1691;81,83;-0,292392834455816;36,6666666666667;0,959456905612951
"1176";"S2S_Eueu_o_16_14";314;"o";"2018";"";"Eueu";999;2018;12;NA;1;1692;81,83;-0,292392834455816;36,6666666666667;0,959456905612951
"1177";"S2S_Eueu_o_16_14";314;"o";"2018";"";"Eueu";999;2018;9;NA;1;1693;81,83;-0,292392834455816;36,6666666666667;0,959456905612951
"1178";"S2S_Eueu_o_16_14";314;"o";"2018";"";"Eueu";999;2018;5;NA;1;1694;81,83;-0,292392834455816;36,6666666666667;0,959456905612951
"1179";"S2S_Eueu_o_16_14";314;"o";"2018";"";"Eueu";999;2018;9;NA;1;1695;81,83;-0,292392834455816;36,6666666666667;0,959456905612951
"1180";"S2S_Eueu_o_16_14";314;"o";"2018";"";"Eueu";999;2018;9;NA;1;1696;81,83;-0,292392834455816;36,6666666666667;0,959456905612951
"1181";"S2S_Eueu_o_16_14";314;"o";"2018";"";"Eueu";999;2018;13;NA;1;1697;81,83;-0,292392834455816;36,6666666666667;0,959456905612951
"1182";"S2S_Eueu_o_16_14";314;"o";"2018";"";"Eueu";999;2018;6,5;NA;1;1698;81,83;-0,292392834455816;36,6666666666667;0,959456905612951
"1192";"S2S_Eueu_o_16_14";314;"o";"2018";"";"Eueu";999;2018;6;NA;1;1708;81,83;-0,292392834455816;36,6666666666667;0,959456905612951
"1194";"S2S_Eueu_o_16_15";314;"o";"2018";"";"Eueu";999;2018;7;NA;1;1710;72,73;-1,83256784160585;30,8333333333333;0,348619074688315
"1195";"S2S_Eueu_o_16_15";314;"o";"2018";"";"Eueu";999;2018;4,6;NA;1;1711;72,73;-1,83256784160585;30,8333333333333;0,348619074688315
"1196";"S2S_Eueu_o_16_15";314;"o";"2018";"";"Eueu";999;2018;6,8;NA;1;1712;72,73;-1,83256784160585;30,8333333333333;0,348619074688315
"1197";"S2S_Eueu_o_16_15";314;"o";"2018";"";"Eueu";999;2018;5,7;NA;1;1713;72,73;-1,83256784160585;30,8333333333333;0,348619074688315
"1198";"S2S_Eueu_o_16_15";314;"o";"2018";"";"Eueu";5,5;2018;NA;NA;NA;1714;72,73;-1,83256784160585;30,8333333333333;0,348619074688315
"1203";"S2S_Eueu_o_16_16";314;"o";"2018";"";"Eueu";999;2018;12;NA;1;1719;82,16;-0,23654033419653;37,5;1,0467194528879
"1204";"S2S_Eueu_o_16_16";314;"o";"2018";"";"Eueu";999;2018;6;NA;1;1720;82,16;-0,23654033419653;37,5;1,0467194528879
"1205";"S2S_Eueu_o_16_16";314;"o";"2018";"";"Eueu";999;2018;9;NA;1;1721;82,16;-0,23654033419653;37,5;1,0467194528879
"1206";"S2S_Eueu_o_16_16";314;"o";"2018";"";"Eueu";999;2018;7;NA;1;1722;82,16;-0,23654033419653;37,5;1,0467194528879
"1207";"S2S_Eueu_o_16_16";314;"o";"2018";"";"Eueu";999;2018;9;NA;1;1723;82,16;-0,23654033419653;37,5;1,0467194528879
"1208";"S2S_Eueu_o_16_16";314;"o";"2018";"";"Eueu";999;2018;6;NA;1;1724;82,16;-0,23654033419653;37,5;1,0467194528879
"1209";"S2S_Eueu_o_16_16";314;"o";"2018";"";"Eueu";999;2018;12;NA;1;1725;82,16;-0,23654033419653;37,5;1,0467194528879
"1210";"S2S_Eueu_o_16_16";314;"o";"2018";"";"Eueu";999;2018;11;NA;1;1726;82,16;-0,23654033419653;37,5;1,0467194528879
"1211";"S2S_Eueu_o_16_16";314;"o";"2018";"";"Eueu";999;2018;10;NA;1;1727;82,16;-0,23654033419653;37,5;1,0467194528879
"1221";"S2S_Eueu_o_16_17";314;"o";"2018";"";"Eueu";3,9;2018;8;NA;1;1737;82,86;-0,118065333646526;26,6666666666667;-0,0876936616864252
"1222";"S2S_Eueu_o_16_17";314;"o";"2018";"";"Eueu";5,2;2018;7;NA;1;1738;82,86;-0,118065333646526;26,6666666666667;-0,0876936616864252
"1223";"S2S_Eueu_o_16_17";314;"o";"2018";"";"Eueu";5,3;2018;8,5;NA;1;1739;82,86;-0,118065333646526;26,6666666666667;-0,0876936616864252
"1224";"S2S_Eueu_o_16_17";314;"o";"2018";"";"Eueu";5,3;2018;9;NA;1;1740;82,86;-0,118065333646526;26,6666666666667;-0,0876936616864252
"1225";"S2S_Eueu_o_16_17";314;"o";"2018";"";"Eueu";5,8;2018;12;NA;1;1741;82,86;-0,118065333646526;26,6666666666667;-0,0876936616864252
"1226";"S2S_Eueu_o_16_17";314;"o";"2018";"";"Eueu";5,9;2018;11;NA;1;1742;82,86;-0,118065333646526;26,6666666666667;-0,0876936616864252
"1227";"S2S_Eueu_o_16_17";314;"o";"2018";"";"Eueu";6;2018;8;NA;1;1743;82,86;-0,118065333646526;26,6666666666667;-0,0876936616864252
"1228";"S2S_Eueu_o_16_17";314;"o";"2018";"";"Eueu";6;2018;9;NA;1;1744;82,86;-0,118065333646526;26,6666666666667;-0,0876936616864252
"1229";"S2S_Eueu_o_16_17";314;"o";"2018";"";"Eueu";6,1;2018;12;NA;1;1745;82,86;-0,118065333646526;26,6666666666667;-0,0876936616864252
"1230";"S2S_Eueu_o_16_17";314;"o";"2018";"";"Eueu";6,4;2018;7;NA;1;1746;82,86;-0,118065333646526;26,6666666666667;-0,0876936616864252
"1231";"S2S_Eueu_o_16_17";314;"o";"2018";"";"Eueu";6,4;2018;6;NA;1;1747;82,86;-0,118065333646526;26,6666666666667;-0,0876936616864252
"1232";"S2S_Eueu_o_16_17";314;"o";"2018";"";"Eueu";6,7;2018;12;NA;1;1748;82,86;-0,118065333646526;26,6666666666667;-0,0876936616864252
"1233";"S2S_Eueu_o_16_17";314;"o";"2018";"";"Eueu";7,5;2018;10;NA;1;1749;82,86;-0,118065333646526;26,6666666666667;-0,0876936616864252
"1234";"S2S_Eueu_o_16_17";314;"o";"2018";"";"Eueu";8;2018;13;NA;1;1750;82,86;-0,118065333646526;26,6666666666667;-0,0876936616864252
"1235";"S2S_Eueu_o_16_17";314;"o";"2018";"";"Eueu";8;2018;9;NA;1;1751;82,86;-0,118065333646526;26,6666666666667;-0,0876936616864252
"1236";"S2S_Eueu_o_16_17";314;"o";"2018";"";"Eueu";8;2018;10;NA;1;1752;82,86;-0,118065333646526;26,6666666666667;-0,0876936616864252
"1237";"S2S_Eueu_o_16_17";314;"o";"2018";"";"Eueu";10,5;2018;11;NA;1;1753;82,86;-0,118065333646526;26,6666666666667;-0,0876936616864252
"1255";"S2S_Eueu_o_16_18";314;"o";"2019";"";"Eueu";10;2019;NA;NA;NA;1771;80,83;-0,461642835241535;33,3333333333333;0,610406716513159
"1256";"S2S_Eueu_o_16_18";314;"o";"2019";"";"Eueu";9;2019;NA;NA;NA;1772;80,83;-0,461642835241535;33,3333333333333;0,610406716513159
"1257";"S2S_Eueu_o_16_19";314;"o";"2018";"";"Eueu";999;2018;4,7;NA;1;1773;87,75;0,709567170195636;21,6666666666667;-0,611268945336113
"1258";"S2S_Eueu_o_16_19";314;"o";"2018";"";"Eueu";999;2018;9,8;NA;1;1774;87,75;0,709567170195636;21,6666666666667;-0,611268945336113
"1259";"S2S_Eueu_o_16_19";314;"o";"2018";"";"Eueu";999;2018;9,4;NA;1;1775;87,75;0,709567170195636;21,6666666666667;-0,611268945336113
"1260";"S2S_Eueu_o_16_19";314;"o";"2018";"";"Eueu";999;2018;3,7;NA;1;1776;87,75;0,709567170195636;21,6666666666667;-0,611268945336113
"1261";"S2S_Eueu_o_16_19";314;"o";"2018";"";"Eueu";999;2018;11,1;NA;1;1777;87,75;0,709567170195636;21,6666666666667;-0,611268945336113
"1262";"S2S_Eueu_o_16_19";314;"o";"2018";"";"Eueu";999;2018;8,3;NA;1;1778;87,75;0,709567170195636;21,6666666666667;-0,611268945336113
"1263";"S2S_Eueu_o_16_19";314;"o";"2018";"";"Eueu";999;2018;1,2;NA;1;1779;87,75;0,709567170195636;21,6666666666667;-0,611268945336113
"1264";"S2S_Eueu_o_16_19";314;"o";"2018";"";"Eueu";999;2018;4,4;NA;1;1780;87,75;0,709567170195636;21,6666666666667;-0,611268945336113
"1265";"S2S_Eueu_o_16_19";314;"o";"2018";"";"Eueu";999;2018;9,9;NA;1;1781;87,75;0,709567170195636;21,6666666666667;-0,611268945336113
"1266";"S2S_Eueu_o_16_19";314;"o";"2018";"";"Eueu";999;2018;6,7;NA;1;1782;87,75;0,709567170195636;21,6666666666667;-0,611268945336113
"1267";"S2S_Eueu_o_16_19";314;"o";"2018";"";"Eueu";999;2018;4,9;NA;1;1783;87,75;0,709567170195636;21,6666666666667;-0,611268945336113
"1268";"S2S_Eueu_o_16_19";314;"o";"2018";"";"Eueu";999;2018;9;NA;1;1784;87,75;0,709567170195636;21,6666666666667;-0,611268945336113
"1281";"S2S_Eueu_o_16_20";314;"o";"2018";"";"Eueu";999;2018;5;NA;1;1797;86,065;0,424380918871701;45;1,83208237836243
"1283";"S2S_Eueu_o_17_02";314;"o";"2019";"";"Eueu";6,3;2019;NA;NA;NA;1799;82,86;-0,118065333646526;26,6666666666667;-0,0876936616864252
"1284";"S2S_Eueu_o_17_02";314;"o";"2019";"";"Eueu";6,5;2019;NA;NA;NA;1800;82,86;-0,118065333646526;26,6666666666667;-0,0876936616864252
"1285";"S2S_Eueu_o_17_02";314;"o";"2019";"";"Eueu";7,2;2019;NA;NA;NA;1801;82,86;-0,118065333646526;26,6666666666667;-0,0876936616864252
"1286";"S2S_Eueu_o_17_03";314;"o";"2019";"";"Eueu";6;2019;NA;NA;NA;1802;80,83;-0,461642835241535;33,3333333333333;0,610406716513159
"1287";"S2S_Eueu_o_17_04";314;"o";"2019";"";"Eueu";3;2019;NA;NA;NA;1803;86,005;0,414225918824557;27,5;-0,000431114411477333
"1288";"S2S_Eueu_o_17_04";314;"o";"2019";"";"Eueu";6,5;2019;NA;NA;NA;1804;86,005;0,414225918824557;27,5;-0,000431114411477333
"1289";"S2S_Eueu_o_17_04";314;"o";"2019";"";"Eueu";4,7;2019;NA;NA;NA;1805;86,005;0,414225918824557;27,5;-0,000431114411477333
"1290";"S2S_Eueu_o_17_04";314;"o";"2019";"";"Eueu";7;2019;NA;NA;NA;1806;86,005;0,414225918824557;27,5;-0,000431114411477333
"1291";"S2S_Eueu_o_17_04";314;"o";"2019";"";"Eueu";6,4;2019;NA;NA;NA;1807;86,005;0,414225918824557;27,5;-0,000431114411477333
"1292";"S2S_Eueu_o_17_04";314;"o";"2019";"";"Eueu";6,4;2019;NA;NA;NA;1808;86,005;0,414225918824557;27,5;-0,000431114411477333
"1293";"S2S_Eueu_o_17_04";314;"o";"2019";"";"Eueu";3,3;2019;NA;NA;NA;1809;86,005;0,414225918824557;27,5;-0,000431114411477333
"1294";"S2S_Eueu_o_17_04";314;"o";"2019";"";"Eueu";7,2;2019;NA;NA;NA;1810;86,005;0,414225918824557;27,5;-0,000431114411477333
"1295";"S2S_Eueu_o_17_06";315;"o";"2018";"";"Eueu";999;2018;9;NA;1;1811;88,11;0,770497170478495;17,0833333333333;-1,09121295534833
"1297";"S2S_Eueu_o_17_06";315;"o";"2019";"";"Eueu";6;2019;NA;NA;NA;1813;88,11;0,770497170478495;17,0833333333333;-1,09121295534833
"1298";"S2S_Eueu_o_17_06";315;"o";"2019";"";"Eueu";7;2019;NA;NA;NA;1814;88,11;0,770497170478495;17,0833333333333;-1,09121295534833
"1299";"S2S_Eueu_o_17_06";315;"o";"2019";"";"Eueu";5;2019;NA;NA;NA;1815;88,11;0,770497170478495;17,0833333333333;-1,09121295534833
"1300";"S2S_Eueu_o_17_06";315;"o";"2019";"";"Eueu";6,5;2019;NA;NA;NA;1816;88,11;0,770497170478495;17,0833333333333;-1,09121295534833
"1301";"S2S_Eueu_o_17_06";315;"o";"2019";"";"Eueu";3;2019;NA;NA;NA;1817;88,11;0,770497170478495;17,0833333333333;-1,09121295534833
"1302";"S2S_Eueu_o_17_06";315;"o";"2019";"";"Eueu";7;2019;NA;NA;NA;1818;88,11;0,770497170478495;17,0833333333333;-1,09121295534833
"1303";"S2S_Eueu_o_17_06";315;"o";"2019";"";"Eueu";6;2019;NA;NA;NA;1819;88,11;0,770497170478495;17,0833333333333;-1,09121295534833
"1304";"S2S_Eueu_o_17_06";315;"o";"2019";"";"Eueu";7;2019;NA;NA;NA;1820;88,11;0,770497170478495;17,0833333333333;-1,09121295534833
"1305";"S2S_Eueu_o_17_06";315;"o";"2019";"";"Eueu";5,5;2019;NA;NA;NA;1821;88,11;0,770497170478495;17,0833333333333;-1,09121295534833
"1306";"S2S_Eueu_o_17_06";315;"o";"2019";"";"Eueu";6,5;2019;NA;NA;NA;1822;88,11;0,770497170478495;17,0833333333333;-1,09121295534833
"1307";"S2S_Eueu_o_17_06";315;"o";"2019";"";"Eueu";5,5;2019;NA;NA;NA;1823;88,11;0,770497170478495;17,0833333333333;-1,09121295534833
"1308";"S2S_Eueu_o_17_06";315;"o";"2018";"";"Eueu";4;2019;NA;NA;NA;1824;88,11;0,770497170478495;17,0833333333333;-1,09121295534833
"1309";"S2S_Eueu_o_17_07";315;"o";"2018";"";"Eueu";999;2018;6;NA;1;1825;91,295;1,30955842298101;27,5;-0,000431114411477333
"1310";"S2S_Eueu_o_17_07";315;"o";"2018";"";"Eueu";999;2018;6;NA;1;1826;91,295;1,30955842298101;27,5;-0,000431114411477333
"1313";"S2S_Eueu_o_17_07";315;"o";"2019";"";"Eueu";7;2019;NA;NA;NA;1829;91,295;1,30955842298101;27,5;-0,000431114411477333
"1314";"S2S_Eueu_o_17_07";315;"o";"2019";"";"Eueu";4;2019;NA;NA;NA;1830;91,295;1,30955842298101;27,5;-0,000431114411477333
"1315";"S2S_Eueu_o_17_07";315;"o";"2019";"";"Eueu";3;2019;NA;NA;NA;1831;91,295;1,30955842298101;27,5;-0,000431114411477333
"1316";"S2S_Eueu_o_17_07";315;"o";"2019";"";"Eueu";6;2019;NA;NA;NA;1832;91,295;1,30955842298101;27,5;-0,000431114411477333
"1317";"S2S_Eueu_o_17_07";315;"o";"2019";"";"Eueu";6;2019;NA;NA;NA;1833;91,295;1,30955842298101;27,5;-0,000431114411477333
"1318";"S2S_Eueu_o_17_07";315;"o";"2019";"";"Eueu";7;2019;NA;NA;NA;1834;91,295;1,30955842298101;27,5;-0,000431114411477333
"1319";"S2S_Eueu_o_17_07";315;"o";"2019";"";"Eueu";8;2019;NA;NA;NA;1835;91,295;1,30955842298101;27,5;-0,000431114411477333
"1320";"S2S_Eueu_o_17_07";315;"o";"2019";"";"Eueu";9;2019;NA;NA;NA;1836;91,295;1,30955842298101;27,5;-0,000431114411477333
"1321";"S2S_Eueu_o_17_07";315;"o";"2019";"";"Eueu";7;2019;NA;NA;NA;1837;91,295;1,30955842298101;27,5;-0,000431114411477333
"1322";"S2S_Eueu_o_17_07";315;"o";"2019";"";"Eueu";5;2019;NA;NA;NA;1838;91,295;1,30955842298101;27,5;-0,000431114411477333
"1323";"S2S_Eueu_o_17_07";315;"o";"2019";"";"Eueu";5;2019;NA;NA;NA;1839;91,295;1,30955842298101;27,5;-0,000431114411477333
"1324";"S2S_Eueu_o_17_07";315;"o";"2019";"";"Eueu";8;2019;NA;NA;NA;1840;91,295;1,30955842298101;27,5;-0,000431114411477333
"1325";"S2S_Eueu_o_17_09";315;"o";"2018";"";"Eueu";999;2018;8;NA;1;1841;84,85;0,218742167917052;12,5;-1,57115696536054
"1326";"S2S_Eueu_o_17_09";315;"o";"2018";"";"Eueu";999;2018;10;NA;1;1842;84,85;0,218742167917052;12,5;-1,57115696536054
"1327";"S2S_Eueu_o_17_09";315;"o";"2018";"";"Eueu";999;2018;8;NA;1;1843;84,85;0,218742167917052;12,5;-1,57115696536054
"1331";"S2S_Eueu_o_17_09";315;"o";"2019";"";"Eueu";10;2019;NA;NA;NA;1847;84,85;0,218742167917052;12,5;-1,57115696536054
"1332";"S2S_Eueu_o_17_09";315;"o";"2019";"";"Eueu";8;2019;NA;NA;NA;1848;84,85;0,218742167917052;12,5;-1,57115696536054
"1333";"S2S_Eueu_o_17_09";315;"o";"2019";"";"Eueu";7;2019;NA;NA;NA;1849;84,85;0,218742167917052;12,5;-1,57115696536054
"1334";"S2S_Eueu_o_17_09";315;"o";"2019";"";"Eueu";4;2019;NA;NA;NA;1850;84,85;0,218742167917052;12,5;-1,57115696536054
"1335";"S2S_Eueu_o_17_09";315;"o";"2019";"";"Eueu";8;2019;NA;NA;NA;1851;84,85;0,218742167917052;12,5;-1,57115696536054
"1336";"S2S_Eueu_o_17_09";315;"o";"2019";"";"Eueu";7;2019;NA;NA;NA;1852;84,85;0,218742167917052;12,5;-1,57115696536054
"1337";"S2S_Eueu_o_17_09";315;"o";"2019";"";"Eueu";8;2019;NA;NA;NA;1853;84,85;0,218742167917052;12,5;-1,57115696536054
"1338";"S2S_Eueu_o_17_09";315;"o";"2019";"";"Eueu";7;2019;NA;NA;NA;1854;84,85;0,218742167917052;12,5;-1,57115696536054
"1339";"S2S_Eueu_o_17_09";315;"o";"2019";"";"Eueu";5;2019;NA;NA;NA;1855;84,85;0,218742167917052;12,5;-1,57115696536054
"1340";"S2S_Eueu_o_17_09";315;"o";"2019";"";"Eueu";8;2019;NA;NA;NA;1856;84,85;0,218742167917052;12,5;-1,57115696536054
"1341";"S2S_Eueu_o_17_09";315;"o";"2019";"";"Eueu";4;2019;NA;NA;NA;1857;84,85;0,218742167917052;12,5;-1,57115696536054
"1342";"S2S_Eueu_o_17_10";315;"o";"2019";"";"Eueu";3;2019;NA;NA;NA;1858;72,35;-1,89688284190443;23,3333333333333;-0,436743850786218
"1343";"S2S_Eueu_o_17_10";315;"o";"2019";"";"Eueu";5;2019;NA;NA;NA;1859;72,35;-1,89688284190443;23,3333333333333;-0,436743850786218
"1344";"S2S_Eueu_o_17_10";315;"o";"2019";"";"Eueu";5;2019;NA;NA;NA;1860;72,35;-1,89688284190443;23,3333333333333;-0,436743850786218
"1345";"S2S_Eueu_o_17_10";315;"o";"2019";"";"Eueu";5;2019;NA;NA;NA;1861;72,35;-1,89688284190443;23,3333333333333;-0,436743850786218
"1346";"S2S_Eueu_o_17_10";315;"o";"2019";"";"Eueu";8;2019;NA;NA;NA;1862;72,35;-1,89688284190443;23,3333333333333;-0,436743850786218
"1347";"S2S_Eueu_o_17_10";315;"o";"2019";"";"Eueu";9;2019;NA;NA;NA;1863;72,35;-1,89688284190443;23,3333333333333;-0,436743850786218
"1348";"S2S_Eueu_o_17_10";315;"o";"2019";"";"Eueu";6;2019;NA;NA;NA;1864;72,35;-1,89688284190443;23,3333333333333;-0,436743850786218
"1349";"S2S_Eueu_o_17_10";315;"o";"2019";"";"Eueu";5;2019;NA;NA;NA;1865;72,35;-1,89688284190443;23,3333333333333;-0,436743850786218
"1350";"S2S_Eueu_o_17_10";315;"o";"2019";"";"Eueu";5;2019;NA;NA;NA;1866;72,35;-1,89688284190443;23,3333333333333;-0,436743850786218
"1351";"S2S_Eueu_o_17_10";315;"o";"2019";"";"Eueu";7;2019;NA;NA;NA;1867;72,35;-1,89688284190443;23,3333333333333;-0,436743850786218
"1352";"S2S_Eueu_o_17_10";315;"o";"2019";"";"Eueu";4;2019;NA;NA;NA;1868;72,35;-1,89688284190443;23,3333333333333;-0,436743850786218
"1353";"S2S_Eueu_o_17_10";315;"o";"2019";"";"Eueu";9;2019;NA;NA;NA;1869;72,35;-1,89688284190443;23,3333333333333;-0,436743850786218
"1354";"S2S_Eueu_o_18_01";315;"o";"2019";"";"Eueu";4,5;2019;NA;NA;NA;1870;84,98;0,240744668019195;24,1666666666667;-0,349481303511269
"1355";"S2S_Eueu_o_18_01";315;"o";"2019";"";"Eueu";4,5;2019;NA;NA;NA;1871;84,98;0,240744668019195;24,1666666666667;-0,349481303511269
"1356";"S2S_Eueu_o_18_02";315;"o";"2019";"";"Eueu";5,7;2019;NA;NA;NA;1872;83,82;0,0444146671077623;30,8333333333333;0,348619074688315
"1357";"S2S_Eueu_o_18_03";315;"o";"2019";"";"Eueu";4,5;2019;NA;NA;NA;1873;84,85;0,218742167917052;12,5;-1,57115696536054
"1358";"S2S_Eueu_o_18_03";315;"o";"2019";"";"Eueu";5;2019;NA;NA;NA;1874;84,85;0,218742167917052;12,5;-1,57115696536054
"1359";"S2S_Eueu_o_18_03";315;"o";"2019";"";"Eueu";5,5;2019;NA;NA;NA;1875;84,85;0,218742167917052;12,5;-1,57115696536054
"1360";"S2S_Eueu_o_18_04";315;"o";"2019";"";"Eueu";4;2019;NA;NA;NA;1876;81,21;-0,39732783494296;30;0,261356527413367
"1361";"S2S_Eueu_o_18_05";315;"o";"2019";"";"Eueu";5;2019;NA;NA;NA;1877;72,35;-1,89688284190443;23,3333333333333;-0,436743850786218
"1362";"S2S_Eueu_o_18_12";314;"o";"2019";"";"Eueu";4,5;2019;NA;NA;NA;1878;86,005;0,414225918824557;27,5;-0,000431114411477333
"1363";"S2S_Eueu_o_18_13";314;"o";"2019";"";"Eueu";12,5;2019;NA;NA;NA;1879;82,015;-0,261081584310458;36,6666666666667;0,959456905612951
"1364";"S2S_Eueu_o_18_16";314;"o";"2019";"";"Eueu";6;2019;NA;NA;NA;1880;82,16;-0,23654033419653;37,5;1,0467194528879
"1365";"S2S_Eueu_o_18_17";314;"o";"2019";"";"Risp";3;2019;NA;NA;NA;1881;82,86;-0,118065333646526;26,6666666666667;-0,0876936616864252
"1366";"S2S_Eueu_o_18_19";314;"o";"2019";"";"Eueu";9;2019;NA;NA;NA;1882;87,75;0,709567170195636;21,6666666666667;-0,611268945336113
"1367";"S2S_Eueu_o_18_20";314;"o";"2019";"";"Eueu";11;2019;NA;NA;NA;1883;86,065;0,424380918871701;45;1,83208237836243
"1368";"S2S_Fral_l_16_01";30;"l";"2019";"";"Fral";7;2019;NA;NA;NA;1884;87,52;0,670639670014923;27,5;-0,000431114411477333
"1369";"S2S_Fral_l_16_01";30;"l";"2019";"";"Fral";10;2019;NA;NA;NA;1885;87,52;0,670639670014923;27,5;-0,000431114411477333
"1370";"S2S_Fral_l_16_02";30;"l";"2017";"";"Fral";999;2017;NA;NA;0;1886;83,395;-0,0275165832261651;17,5;-1,04758168171085
"1371";"S2S_Fral_l_16_02";30;"l";"2019";"";"Fral";7;2019;NA;NA;NA;1887;83,395;-0,0275165832261651;17,5;-1,04758168171085
"1372";"S2S_Fral_l_16_03";30;"l";"2017";"";"Fral";3;2017;8,7;NA;1;1888;85,435;0,317753418376699;13,6666666666667;-1,44898939917561
"1373";"S2S_Fral_l_16_03";30;"l";"2017";"";"Fral";3,5;2017;7,6;NA;1;1889;85,435;0,317753418376699;13,6666666666667;-1,44898939917561
"1374";"S2S_Fral_l_16_03";30;"l";"2017";"";"Fral";4,5;2017;NA;NA;1;1890;85,435;0,317753418376699;13,6666666666667;-1,44898939917561
"1375";"S2S_Fral_l_16_03";30;"l";"2017";"";"Fral";999;2017;NA;NA;1;1891;85,435;0,317753418376699;13,6666666666667;-1,44898939917561
"1376";"S2S_Fral_l_16_03";30;"l";"2017";"";"Fral";999;2017;NA;NA;1;1892;85,435;0,317753418376699;13,6666666666667;-1,44898939917561
"1377";"S2S_Fral_l_16_03";30;"l";"2017";"";"Fral";999;2017;NA;NA;1;1893;85,435;0,317753418376699;13,6666666666667;-1,44898939917561
"1390";"S2S_Fral_l_16_03";30;"l";"2019";"";"Fral";7;2019;NA;NA;NA;1906;85,435;0,317753418376699;13,6666666666667;-1,44898939917561
"1391";"S2S_Fral_l_16_03";30;"l";"2019";"";"Fral";8,5;2019;NA;NA;NA;1907;85,435;0,317753418376699;13,6666666666667;-1,44898939917561
"1392";"S2S_Fral_l_16_03";30;"l";"2019";"";"Fral";10;2019;NA;NA;NA;1908;85,435;0,317753418376699;13,6666666666667;-1,44898939917561
"1393";"S2S_Fral_l_16_06";30;"l";"2017";"";"Fral";5;2017;NA;NA;0;1909;92,175;1,45849842367244;16,6666666666667;-1,1348442289858
"1394";"S2S_Fral_l_16_07";30;"l";"2017";"";"Fral";5;2017;NA;NA;0;1910;87,64;0,690949670109207;25,8333333333333;-0,174956208961373
"1395";"S2S_Fral_l_16_08";30;"l";"2017";"";"Fral";999;2017;NA;NA;1;1911;91,325;1,31463592300458;34,1666666666667;0,697669263788107
"1396";"S2S_Fral_l_16_08";30;"l";"2017";"";"Fral";999;2017;NA;NA;0;1912;91,325;1,31463592300458;34,1666666666667;0,697669263788107
"1397";"S2S_Fral_l_16_08";30;"l";"2017";"";"Fral";999;2017;NA;NA;0;1913;91,325;1,31463592300458;34,1666666666667;0,697669263788107
"1398";"S2S_Fral_l_16_08";30;"l";"2017";"";"Fral";999;2017;NA;NA;0;1914;91,325;1,31463592300458;34,1666666666667;0,697669263788107
"1401";"S2S_Fral_l_16_11";112;"l";"2019";"";"Eueu";7;2019;NA;NA;NA;1917;84,49;0,157812167634196;25,8333333333333;-0,174956208961373
"1402";"S2S_Fral_l_16_11";112;"l";"2017";"";"Fral";999;2017;NA;NA;0;1918;84,49;0,157812167634196;25,8333333333333;-0,174956208961373
"1403";"S2S_Fral_l_16_12";112;"l";"2019";"";"Rhca";5,5;2019;NA;NA;NA;1919;70,83;-2,15414284309872;25;-0,262218756236321
"1404";"S2S_Fral_l_16_15";112;"l";"2018";"";"Fral";999;2018;NA;NA;0;1920;79,335;-0,714671586416184;33,3333333333333;0,610406716513159
"1405";"S2S_Fral_l_16_16";112;"l";"2017";"";"Fral";999;2017;NA;NA;0;1921;84,48;0,156119667626338;35;0,784931811063055
"1406";"S2S_Fral_l_16_20";112;"l";"2019";"";"Fral";8;2019;NA;NA;NA;1922;82,665;-0,151069083799743;36,6666666666667;0,959456905612951
"1407";"S2S_Fral_l_16_20";112;"l";"2017";"";"Fral";999;2017;NA;NA;0;1923;82,665;-0,151069083799743;36,6666666666667;0,959456905612951
"1408";"S2S_Fral_l_16_20";112;"l";"2017";"";"Fral";999;2017;NA;NA;0;1924;82,665;-0,151069083799743;36,6666666666667;0,959456905612951
"1409";"S2S_Fral_l_17_04";30;"l";"2019";"";"Prpa";9,5;2019;NA;NA;NA;1925;94,5;1,85200467549923;15;-1,3093693235357
"1410";"S2S_Fral_l_17_04";30;"l";"2019";"";"Prpa";6,5;2019;NA;NA;NA;1926;94,5;1,85200467549923;15;-1,3093693235357
"1411";"S2S_Fral_l_18_02";30;"l";"2019";"";"Fral";7;2019;NA;NA;NA;1927;83,395;-0,0275165832261651;17,5;-1,04758168171085
"1412";"S2S_Fral_l_18_03";30;"l";"2019";"";"Soau";5;2019;NA;NA;NA;1928;85,435;0,317753418376699;13,6666666666667;-1,44898939917561
"1413";"S2S_Fral_l_18_14";112;"l";"2019";"";"Rhca";4;2019;NA;NA;NA;1929;79,335;-0,714671586416184;40;1,30850709471274
"1414";"S2S_Fral_o_16_01";315;"o";"2017";"";"Fral";999;2017;NA;NA;0;1930;84,98;0,240744668019195;24,1666666666667;-0,349481303511269
"1415";"S2S_Fral_o_16_01";315;"o";"2017";"";"Fral";999;2017;NA;NA;0;1931;84,98;0,240744668019195;24,1666666666667;-0,349481303511269
"1416";"S2S_Fral_o_16_01";315;"o";"2019";"";"Rini";3;2019;NA;NA;NA;1932;84,98;0,240744668019195;24,1666666666667;-0,349481303511269
"1417";"S2S_Fral_o_16_03";315;"o";"2019";"";"Fral";6,5;2019;NA;NA;NA;1933;84,85;0,218742167917052;12,5;-1,57115696536054
"1418";"S2S_Fral_o_16_03";315;"o";"2017";"";"Fral";999;2017;7;NA;1;1934;84,85;0,218742167917052;12,5;-1,57115696536054
"1419";"S2S_Fral_o_16_03";315;"o";"2017";"";"Fral";999;2017;7,5;NA;1;1935;84,85;0,218742167917052;12,5;-1,57115696536054
"1420";"S2S_Fral_o_16_03";315;"o";"2017";"";"Fral";999;2017;9,5;NA;1;1936;84,85;0,218742167917052;12,5;-1,57115696536054
"1421";"S2S_Fral_o_16_03";315;"o";"2017";"";"Fral";999;2017;NA;NA;0;1937;84,85;0,218742167917052;12,5;-1,57115696536054
"1426";"S2S_Fral_o_16_04";315;"o";"2018";"";"Fral";4,5;2018;13;NA;1;1942;81,21;-0,39732783494296;30;0,261356527413367
"1427";"S2S_Fral_o_16_04";315;"o";"2018";"";"Fral";5,5;2018;10;NA;1;1943;81,21;-0,39732783494296;30;0,261356527413367
"1430";"S2S_Fral_o_16_04";315;"o";"2019";"";"Fral";5;2019;NA;NA;NA;1946;81,21;-0,39732783494296;30;0,261356527413367
"1431";"S2S_Fral_o_16_05";315;"o";"2017";"";"Fral";999;2017;NA;NA;0;1947;72,35;-1,89688284190443;23,3333333333333;-0,436743850786218
"1432";"S2S_Fral_o_16_05";315;"o";"2017";"";"Fral";999;2017;NA;NA;0;1948;72,35;-1,89688284190443;23,3333333333333;-0,436743850786218
"1433";"S2S_Fral_o_16_07";315;"o";"2017";"";"Fral";999;2017;NA;NA;0;1949;88,11;0,770497170478495;17,0833333333333;-1,09121295534833
"1434";"S2S_Fral_o_16_07";315;"o";"2018";"";"Fral";999;2018;NA;NA;0;1950;88,11;0,770497170478495;17,0833333333333;-1,09121295534833
"1435";"S2S_Fral_o_16_07";315;"o";"2018";"";"Fral";999;2018;NA;NA;0;1951;88,11;0,770497170478495;17,0833333333333;-1,09121295534833
"1436";"S2S_Fral_o_16_10";315;"o";"2019";"";"Risp";4;2019;NA;NA;NA;1952;83,915;0,0604934171824053;25,8333333333333;-0,174956208961373
"1437";"S2S_Fral_o_16_14";314;"o";"2017";"";"Fral";999;2017;NA;NA;1;1953;81,83;-0,292392834455816;36,6666666666667;0,959456905612951
"1438";"S2S_Fral_o_16_14";314;"o";"2017";"";"Fral";999;2017;NA;NA;1;1954;81,83;-0,292392834455816;36,6666666666667;0,959456905612951
"1439";"S2S_Fral_o_16_14";314;"o";"2017";"";"Fral";999;2017;NA;NA;0;1955;81,83;-0,292392834455816;36,6666666666667;0,959456905612951
"1440";"S2S_Fral_o_16_14";314;"o";"2017";"";"Fral";999;2017;NA;NA;0;1956;81,83;-0,292392834455816;36,6666666666667;0,959456905612951
"1444";"S2S_Fral_o_16_15";314;"o";"2018";"";"Fral";999;2018;7;NA;1;1960;72,73;-1,83256784160585;30,8333333333333;0,348619074688315
"1446";"S2S_Fral_o_16_16";314;"o";"2019";"";"Fral";10;2019;NA;NA;NA;1962;82,16;-0,23654033419653;37,5;1,0467194528879
"1447";"S2S_Fral_o_16_17";314;"o";"2018";"";"Fral";6,7;2018;NA;NA;0;1963;82,86;-0,118065333646526;26,6666666666667;-0,0876936616864252
"1448";"S2S_Fral_o_16_18";314;"o";"2019";"";"Fral";12;2019;NA;NA;NA;1964;80,83;-0,461642835241535;33,3333333333333;0,610406716513159
"1449";"S2S_Fral_o_16_19";314;"o";"2017";"";"Fral";999;2017;NA;NA;0;1965;87,75;0,709567170195636;21,6666666666667;-0,611268945336113
"1450";"S2S_Fral_o_16_20";314;"o";"2017";"";"Fral";999;2017;NA;NA;0;1966;86,065;0,424380918871701;45;1,83208237836243
"1451";"S2S_Fral_o_16_20";314;"o";"2017";"";"Fral";999;2017;NA;NA;0;1967;86,065;0,424380918871701;45;1,83208237836243
"1452";"S2S_Fral_o_16_20";314;"o";"2017";"";"Fral";999;2017;NA;NA;0;1968;86,065;0,424380918871701;45;1,83208237836243
"1453";"S2S_Fral_o_17_02";314;"o";"2018";"";"Fral";4;2018;NA;NA;0;1969;82,86;-0,118065333646526;26,6666666666667;-0,0876936616864252
"1454";"S2S_Fral_o_17_02";314;"o";"2019";"";"Fral";10;2019;NA;NA;NA;1970;82,86;-0,118065333646526;26,6666666666667;-0,0876936616864252
"1455";"S2S_Fral_o_17_08";315;"o";"2019";"";"Rhca";1,4;2019;NA;NA;NA;1971;84,98;0,240744668019195;24,1666666666667;-0,349481303511269
"1456";"S2S_Fral_o_17_08";315;"o";"2019";"";"Rhca";2,7;2019;NA;NA;NA;1972;84,98;0,240744668019195;24,1666666666667;-0,349481303511269
"1457";"S2S_Fral_o_17_08";315;"o";"2019";"";"Rhca";3,5;2019;NA;NA;NA;1973;84,98;0,240744668019195;24,1666666666667;-0,349481303511269
"1458";"S2S_Fral_o_17_09";315;"o";"2019";"";"Fral";6;2019;NA;NA;NA;1974;84,85;0,218742167917052;12,5;-1,57115696536054
"1459";"S2S_Fral_o_17_09";315;"o";"2019";"";"Fral";3,5;2019;NA;NA;NA;1975;84,85;0,218742167917052;12,5;-1,57115696536054
"1460";"S2S_Fral_o_17_09";315;"o";"2019";"";"Fral";5,5;2019;NA;NA;NA;1976;84,85;0,218742167917052;12,5;-1,57115696536054
"1461";"S2S_Fral_o_17_09";315;"o";"2019";"";"Fral";4,5;2019;NA;NA;NA;1977;84,85;0,218742167917052;12,5;-1,57115696536054
"1462";"S2S_Fral_o_18_01";315;"o";"2019";"";"Rhca";3,5;2019;NA;NA;NA;1978;84,98;0,240744668019195;24,1666666666667;-0,349481303511269
"1463";"S2S_Fral_o_18_01";315;"o";"2019";"";"Rini";1,5;2019;NA;NA;NA;1979;84,98;0,240744668019195;24,1666666666667;-0,349481303511269
"1464";"S2S_Fral_o_18_02";315;"o";"2019";"";"Fral";3,5;2019;NA;NA;NA;1980;83,82;0,0444146671077623;30,8333333333333;0,348619074688315
"1465";"S2S_Fral_o_18_02";315;"o";"2019";"";"Risp";4,5;2019;NA;NA;NA;1981;83,82;0,0444146671077623;30,8333333333333;0,348619074688315
"1466";"S2S_Fral_o_18_04";315;"o";"2019";"";"Prpa";5,5;2019;NA;NA;NA;1982;81,21;-0,39732783494296;30;0,261356527413367
"1467";"S2S_Fral_o_18_04";315;"o";"2019";"";"Prpa";6;2019;NA;NA;NA;1983;81,21;-0,39732783494296;30;0,261356527413367
"1468";"S2S_Fral_o_18_06";315;"o";"2019";"";"Prpa";5;2019;NA;NA;NA;1984;75,975;-1,2833515890562;22,5;-0,524006398061165
"1469";"S2S_Fral_o_18_12";314;"o";"2019";"";"Risp";4,5;2019;NA;NA;NA;1985;86,005;0,414225918824557;27,5;-0,000431114411477333
"1470";"S2S_Fral_o_18_16";314;"o";"2019";"";"Fral";4;2019;NA;NA;NA;1986;82,16;-0,23654033419653;37,5;1,0467194528879
"1471";"S2S_Fral_o_18_17";314;"o";"2019";"";"Prpa";5,2;2019;NA;NA;NA;1987;82,86;-0,118065333646526;26,6666666666667;-0,0876936616864252
"1472";"S2S_Prpa_l_18_02";30;"l";"2019";"";"Prpa";8;2019;NA;NA;NA;1988;83,395;-0,0275165832261651;17,5;-1,04758168171085
"1473";"S2S_Prpa_l_18_04";30;"l";"2019";"";"Prpa";9,5;2019;NA;NA;NA;1989;67,78;-2,67035534549516;25,8333333333333;-0,174956208961373
"1474";"S2S_Prpa_l_18_04";30;"l";"2019";"";"Prpa";7;2019;NA;NA;NA;1990;67,78;-2,67035534549516;25,8333333333333;-0,174956208961373
"1475";"S2S_Prpa_l_18_04";30;"l";"2019";"";"Prpa";6;2019;NA;NA;NA;1991;67,78;-2,67035534549516;25,8333333333333;-0,174956208961373
"1476";"S2S_Prpa_l_18_05";30;"l";"2019";"";"Prpa";5;2019;NA;NA;NA;1992;92,25;1,47119217373137;12,5;-1,57115696536054
"1477";"S2S_Prpa_l_18_05";30;"l";"2019";"";"Prpa";5;2019;NA;NA;NA;1993;92,25;1,47119217373137;12,5;-1,57115696536054
"1478";"S2S_Prpa_l_18_05";30;"l";"2019";"";"Prpa";6,5;2019;NA;NA;NA;1994;92,25;1,47119217373137;12,5;-1,57115696536054
"1479";"S2S_Prpa_l_18_05";30;"l";"2019";"";"Prpa";7,5;2019;NA;NA;NA;1995;92,25;1,47119217373137;12,5;-1,57115696536054
"1480";"S2S_Prpa_l_18_05";30;"l";"2019";"";"Prpa";5,5;2019;NA;NA;NA;1996;92,25;1,47119217373137;12,5;-1,57115696536054
"1481";"S2S_Prpa_l_18_07";30;"l";"2019";"";"Prpa";5,5;2019;NA;NA;NA;1997;87,64;0,690949670109207;25,8333333333333;-0,174956208961373
"1482";"S2S_Prpa_l_18_07";30;"l";"2019";"";"Prpa";5,5;2019;NA;NA;NA;1998;87,64;0,690949670109207;25,8333333333333;-0,174956208961373
"1483";"S2S_Prpa_l_18_07";30;"l";"2019";"";"Prpa";5;2019;NA;NA;NA;1999;87,64;0,690949670109207;25,8333333333333;-0,174956208961373
"1484";"S2S_Prpa_l_18_07";30;"l";"2019";"";"Prpa";5;2019;NA;NA;NA;2000;87,64;0,690949670109207;25,8333333333333;-0,174956208961373
"1485";"S2S_Prpa_l_18_07";30;"l";"2019";"";"Prpa";6;2019;NA;NA;NA;2001;87,64;0,690949670109207;25,8333333333333;-0,174956208961373
"1486";"S2S_Prpa_l_18_07";30;"l";"2019";"";"Prpa";8;2019;NA;NA;NA;2002;87,64;0,690949670109207;25,8333333333333;-0,174956208961373
"1487";"S2S_Prpa_l_18_08";30;"l";"2019";"";"Prpa";9;2019;NA;NA;NA;2003;91,325;1,31463592300458;34,1666666666667;0,697669263788107
"1488";"S2S_Prpa_l_18_08";30;"l";"2019";"";"Prpa";4;2019;NA;NA;NA;2004;91,325;1,31463592300458;34,1666666666667;0,697669263788107
"1489";"S2S_Prpa_l_18_09";30;"l";"2019";"";"Prpa";4;2019;NA;NA;NA;2005;94,5;1,85200467549923;15;-1,3093693235357
"1490";"S2S_Prpa_l_18_09";30;"l";"2019";"";"Prpa";3;2019;NA;NA;NA;2006;94,5;1,85200467549923;15;-1,3093693235357
"1491";"S2S_Prpa_l_18_10";30;"l";"2019";"";"Prpa";4,7;2019;NA;NA;NA;2007;88,885;0,901665921087425;15;-1,3093693235357
"1492";"S2S_Prpa_l_18_10";30;"l";"2019";"";"Prpa";5,8;2019;NA;NA;NA;2008;88,885;0,901665921087425;15;-1,3093693235357
"1493";"S2S_Prpa_l_18_10";30;"l";"2019";"";"Prpa";5,6;2019;NA;NA;NA;2009;88,885;0,901665921087425;15;-1,3093693235357
"1494";"S2S_Prpa_l_18_11";112;"l";"2019";"";"Prpa";6;2019;NA;NA;NA;2010;84,49;0,157812167634196;25,8333333333333;-0,174956208961373
"1495";"S2S_Prpa_l_18_11";112;"l";"2019";"";"Prpa";7;2019;NA;NA;NA;2011;84,49;0,157812167634196;25,8333333333333;-0,174956208961373
"1496";"S2S_Prpa_l_18_11";112;"l";"2019";"";"Prpa";9;2019;NA;NA;NA;2012;84,49;0,157812167634196;25,8333333333333;-0,174956208961373
"1497";"S2S_Prpa_l_18_11";112;"l";"2019";"";"Prpa";10;2019;NA;NA;NA;2013;84,49;0,157812167634196;25,8333333333333;-0,174956208961373
"1498";"S2S_Prpa_l_18_11";112;"l";"2019";"";"Prpa";7;2019;NA;NA;NA;2014;84,49;0,157812167634196;25,8333333333333;-0,174956208961373
"1499";"S2S_Prpa_l_18_14";112;"l";"2019";"";"Prpa";6;2019;NA;NA;NA;2015;79,335;-0,714671586416184;40;1,30850709471274
"1500";"S2S_Prpa_l_18_14";112;"l";"2019";"";"Prpa";8,5;2019;NA;NA;NA;2016;79,335;-0,714671586416184;40;1,30850709471274
"1501";"S2S_Prpa_l_18_14";112;"l";"2019";"";"Rhca";3;2019;NA;NA;NA;2017;79,335;-0,714671586416184;40;1,30850709471274
"1502";"S2S_Prpa_l_18_17";112;"l";"2019";"";"Prpa";7;2019;NA;NA;NA;2018;78,6966666666667;-0,822709503584399;25,8333333333333;-0,174956208961373
"1503";"S2S_Prpa_l_18_18";112;"l";"2019";"";"Prpa";6;2019;NA;NA;NA;2019;83,275;-0,0478265833204521;38,3333333333333;1,13398200016285
"1504";"S2S_Prpa_o_18_01";315;"o";"2019";"";"Prpa";5;2019;NA;NA;NA;2020;84,98;0,240744668019195;24,1666666666667;-0,349481303511269
"1505";"S2S_Prpa_o_18_02";315;"o";"2019";"";"Prpa";6;2019;NA;NA;NA;2021;83,82;0,0444146671077623;30,8333333333333;0,348619074688315
"1506";"S2S_Prpa_o_18_02";315;"o";"2019";"";"Rhca";6;2019;NA;NA;NA;2022;83,82;0,0444146671077623;30,8333333333333;0,348619074688315
"1507";"S2S_Prpa_o_18_03";315;"o";"2019";"";"Prpa";7;2019;NA;NA;NA;2023;84,85;0,218742167917052;12,5;-1,57115696536054
"1508";"S2S_Prpa_o_18_03";315;"o";"2019";"";"Prpa";8;2019;NA;NA;NA;2024;84,85;0,218742167917052;12,5;-1,57115696536054
"1509";"S2S_Prpa_o_18_03";315;"o";"2019";"";"Prpa";7;2019;NA;NA;NA;2025;84,85;0,218742167917052;12,5;-1,57115696536054
"1510";"S2S_Prpa_o_18_03";315;"o";"2019";"";"Prpa";5;2019;NA;NA;NA;2026;84,85;0,218742167917052;12,5;-1,57115696536054
"1511";"S2S_Prpa_o_18_03";315;"o";"2019";"";"Prpa";8;2019;NA;NA;NA;2027;84,85;0,218742167917052;12,5;-1,57115696536054
"1512";"S2S_Prpa_o_18_03";315;"o";"2019";"";"Prpa";7;2019;NA;NA;NA;2028;84,85;0,218742167917052;12,5;-1,57115696536054
"1513";"S2S_Prpa_o_18_03";315;"o";"2019";"";"Prpa";7;2019;NA;NA;NA;2029;84,85;0,218742167917052;12,5;-1,57115696536054
"1514";"S2S_Prpa_o_18_03";315;"o";"2019";"";"Prpa";7;2019;NA;NA;NA;2030;84,85;0,218742167917052;12,5;-1,57115696536054
"1515";"S2S_Prpa_o_18_03";315;"o";"2019";"";"Prpa";5;2019;NA;NA;NA;2031;84,85;0,218742167917052;12,5;-1,57115696536054
"1516";"S2S_Prpa_o_18_03";315;"o";"2019";"";"Prpa";7;2019;NA;NA;NA;2032;84,85;0,218742167917052;12,5;-1,57115696536054
"1517";"S2S_Prpa_o_18_03";315;"o";"2019";"";"Prpa";6;2019;NA;NA;NA;2033;84,85;0,218742167917052;12,5;-1,57115696536054
"1518";"S2S_Prpa_o_18_06";315;"o";"2019";"";"Prpa";5;2019;NA;NA;NA;2034;75,975;-1,2833515890562;22,5;-0,524006398061165
"1519";"S2S_Prpa_o_18_06";315;"o";"2019";"";"Prpa";2,5;2019;NA;NA;NA;2035;75,975;-1,2833515890562;22,5;-0,524006398061165
"1520";"S2S_Prpa_o_18_06";315;"o";"2019";"";"Prpa";3;2019;NA;NA;NA;2036;75,975;-1,2833515890562;22,5;-0,524006398061165
"1521";"S2S_Prpa_o_18_07";315;"o";"2019";"";"Prpa";3,8;2019;NA;NA;NA;2037;88,11;0,770497170478495;17,0833333333333;-1,09121295534833
"1522";"S2S_Prpa_o_18_07";315;"o";"2019";"";"Prpa";4,4;2019;NA;NA;NA;2038;88,11;0,770497170478495;17,0833333333333;-1,09121295534833
"1523";"S2S_Prpa_o_18_07";315;"o";"2019";"";"Prpa";4,5;2019;NA;NA;NA;2039;88,11;0,770497170478495;17,0833333333333;-1,09121295534833
"1524";"S2S_Prpa_o_18_07";315;"o";"2019";"";"Prpa";4,5;2019;NA;NA;NA;2040;88,11;0,770497170478495;17,0833333333333;-1,09121295534833
"1525";"S2S_Prpa_o_18_07";315;"o";"2019";"";"Prpa";6,5;2019;NA;NA;NA;2041;88,11;0,770497170478495;17,0833333333333;-1,09121295534833
"1526";"S2S_Prpa_o_18_09";315;"o";"2019";"";"Prpa";12,5;2019;NA;NA;NA;2042;91,295;1,30955842298101;27,5;-0,000431114411477333
"1527";"S2S_Prpa_o_18_09";315;"o";"2019";"";"Prpa";4,5;2019;NA;NA;NA;2043;91,295;1,30955842298101;27,5;-0,000431114411477333
"1528";"S2S_Prpa_o_18_12";314;"o";"2019";"";"Prpa";6,5;2019;NA;NA;NA;2044;86,005;0,414225918824557;27,5;-0,000431114411477333
"1529";"S2S_Prpa_o_18_13";314;"o";"2019";"";"Prpa";8;2019;NA;NA;NA;2045;82,015;-0,261081584310458;36,6666666666667;0,959456905612951
"1530";"S2S_Prpa_o_18_14";314;"o";"2019";"";"Prpa";9;2019;NA;NA;NA;2046;81,83;-0,292392834455816;36,6666666666667;0,959456905612951
"1531";"S2S_Prpa_o_18_14";314;"o";"2019";"";"Prpa";6,5;2019;NA;NA;NA;2047;81,83;-0,292392834455816;36,6666666666667;0,959456905612951
"1532";"S2S_Prpa_o_18_14";314;"o";"2019";"";"Prpa";10;2019;NA;NA;NA;2048;81,83;-0,292392834455816;36,6666666666667;0,959456905612951
"1533";"S2S_Prpa_o_18_16";314;"o";"2019";"";"Prpa";6;2019;NA;NA;NA;2049;82,16;-0,23654033419653;37,5;1,0467194528879
"1534";"S2S_Prpa_o_18_16";314;"o";"2019";"";"Prpa";5,1;2019;NA;NA;NA;2050;82,16;-0,23654033419653;37,5;1,0467194528879
"1535";"S2S_Prpa_o_18_16";314;"o";"2019";"";"Prpa";5,8;2019;NA;NA;NA;2051;82,16;-0,23654033419653;37,5;1,0467194528879
"1536";"S2S_Prpa_o_18_16";314;"o";"2019";"";"Prpa";6,5;2019;NA;NA;NA;2052;82,16;-0,23654033419653;37,5;1,0467194528879
"1537";"S2S_Prpa_o_18_17";314;"o";"2019";"";"Prpa";7;2019;NA;NA;NA;2053;82,86;-0,118065333646526;26,6666666666667;-0,0876936616864252
"1538";"S2S_Prpa_o_18_17";314;"o";"2019";"";"Prpa";6,5;2019;NA;NA;NA;2054;82,86;-0,118065333646526;26,6666666666667;-0,0876936616864252
"1539";"S2S_Prpa_o_18_18";314;"o";"2019";"";"Prpa";3;2019;NA;NA;NA;2055;80,83;-0,461642835241535;33,3333333333333;0,610406716513159
"1540";"S2S_Prpa_o_18_19";314;"o";"2019";"";"Prpa";12;2019;NA;NA;NA;2056;87,75;0,709567170195636;21,6666666666667;-0,611268945336113
"1541";"S2S_Rhca_l_16_01";30;"l";"2017";"";"Rhca";999;2017;NA;NA;0;2057;87,52;0,670639670014923;27,5;-0,000431114411477333
"1542";"S2S_Rhca_l_16_04";30;"l";"2017";"";"Rhca";4;2017;NA;NA;0;2058;77,87;-0,96262283756726;7,5;-2,09473224901023
"1543";"S2S_Rhca_l_16_06";30;"l";"2017";"";"Rhca";999;2017;NA;NA;0;2059;92,175;1,45849842367244;16,6666666666667;-1,1348442289858
"1544";"S2S_Rhca_l_16_06";30;"l";"2017";"";"Rhca";999;2017;NA;NA;0;2060;92,175;1,45849842367244;16,6666666666667;-1,1348442289858
"1545";"S2S_Rhca_l_16_07";30;"l";"2019";"";"Prpa";8;2019;NA;NA;NA;2061;87,64;0,690949670109207;25,8333333333333;-0,174956208961373
"1546";"S2S_Rhca_l_16_07";30;"l";"2019";"";"Prpa";9;2019;NA;NA;NA;2062;87,64;0,690949670109207;25,8333333333333;-0,174956208961373
"1547";"S2S_Rhca_l_16_07";30;"l";"2019";"";"Prpa";10;2019;NA;NA;NA;2063;87,64;0,690949670109207;25,8333333333333;-0,174956208961373
"1548";"S2S_Rhca_l_16_07";30;"l";"2017";"";"Rhca";3;2017;NA;NA;0;2064;87,64;0,690949670109207;25,8333333333333;-0,174956208961373
"1549";"S2S_Rhca_l_16_07";30;"l";"2017";"";"Rhca";3,5;2017;NA;NA;0;2065;87,64;0,690949670109207;25,8333333333333;-0,174956208961373
"1550";"S2S_Rhca_l_16_07";30;"l";"2017";"";"Rhca";3,5;2017;NA;NA;0;2066;87,64;0,690949670109207;25,8333333333333;-0,174956208961373
"1551";"S2S_Rhca_l_16_08";30;"l";"2017";"";"Rhca";999;2017;NA;NA;1;2067;91,325;1,31463592300458;34,1666666666667;0,697669263788107
"1552";"S2S_Rhca_l_16_08";30;"l";"2017";"";"Rhca";999;2017;NA;NA;1;2068;91,325;1,31463592300458;34,1666666666667;0,697669263788107
"1553";"S2S_Rhca_l_16_08";30;"l";"2017";"";"Rhca";999;2017;NA;NA;0;2069;91,325;1,31463592300458;34,1666666666667;0,697669263788107
"1554";"S2S_Rhca_l_16_08";30;"l";"2017";"";"Rhca";999;2017;NA;NA;0;2070;91,325;1,31463592300458;34,1666666666667;0,697669263788107
"1555";"S2S_Rhca_l_16_08";30;"l";"2017";"";"Rhca";999;2017;NA;NA;0;2071;91,325;1,31463592300458;34,1666666666667;0,697669263788107
"1556";"S2S_Rhca_l_16_08";30;"l";"2017";"";"Rhca";999;2017;NA;NA;0;2072;91,325;1,31463592300458;34,1666666666667;0,697669263788107
"1557";"S2S_Rhca_l_16_08";30;"l";"2017";"";"Rhca";999;2017;NA;NA;0;2073;91,325;1,31463592300458;34,1666666666667;0,697669263788107
"1562";"S2S_Rhca_l_16_10";30;"l";"2017";"";"Rhca";4,5;2017;NA;NA;0;2078;88,885;0,901665921087425;15;-1,3093693235357
"1563";"S2S_Rhca_l_16_10";30;"l";"2017";"";"Rhca";999;2017;NA;NA;0;2079;88,885;0,901665921087425;15;-1,3093693235357
"1564";"S2S_Rhca_l_16_10";30;"l";"2017";"";"Rhca";999;2017;NA;NA;0;2080;88,885;0,901665921087425;15;-1,3093693235357
"1565";"S2S_Rhca_l_16_10";30;"l";"2017";"";"Rhca";999;2017;NA;NA;0;2081;88,885;0,901665921087425;15;-1,3093693235357
"1566";"S2S_Rhca_l_16_13";112;"l";"2017";"";"Rhca";999;2017;NA;NA;0;2082;86,16;0,440459668946344;34,1666666666667;0,697669263788107
"1567";"S2S_Rhca_l_16_13";112;"l";"2017";"";"Rhca";999;2017;NA;NA;0;2083;86,16;0,440459668946344;34,1666666666667;0,697669263788107
"1568";"S2S_Rhca_l_16_14";112;"l";"2017";"";"Rhca";999;2017;NA;NA;0;2084;86,38;0,477694669119201;40;1,30850709471274
"1569";"S2S_Rhca_l_16_17";112;"l";"2017";"";"Rhca";999;2017;NA;NA;0;2085;84,48;0,156119667626338;25,8333333333333;-0,174956208961373
"1570";"S2S_Rhca_l_16_20";112;"l";"2017";"";"Rhca";999;2017;NA;NA;0;2086;82,665;-0,151069083799743;36,6666666666667;0,959456905612951
"1571";"S2S_Rhca_l_16_20";112;"l";"2017";"";"Rhca";999;2017;NA;NA;0;2087;82,665;-0,151069083799743;36,6666666666667;0,959456905612951
"1572";"S2S_Rhca_l_17_03";30;"l";"2019";"";"Prpa";6;2019;NA;NA;NA;2088;87,64;0,690949670109207;25,8333333333333;-0,174956208961373
"1573";"S2S_Rhca_l_17_03";30;"l";"2019";"";"Soau";7;2019;NA;NA;NA;2089;87,64;0,690949670109207;25,8333333333333;-0,174956208961373
"1574";"S2S_Rhca_l_17_03";30;"l";"2019";"";"Soau";7;2019;NA;NA;NA;2090;87,64;0,690949670109207;25,8333333333333;-0,174956208961373
"1575";"S2S_Rhca_l_18_05";30;"l";"2019";"";"Rhca";7;2019;NA;NA;NA;2091;92,25;1,47119217373137;12,5;-1,57115696536054
"1576";"S2S_Rhca_l_18_08";30;"l";"2019";"";"Prpa";8;2019;NA;NA;NA;2092;91,325;1,31463592300458;34,1666666666667;0,697669263788107
"1577";"S2S_Rhca_l_18_08";30;"l";"2019";"";"Rhca";2;2019;NA;NA;NA;2093;91,325;1,31463592300458;34,1666666666667;0,697669263788107
"1578";"S2S_Rhca_l_18_08";30;"l";"2019";"";"Rhca";3;2019;NA;NA;NA;2094;91,325;1,31463592300458;34,1666666666667;0,697669263788107
"1579";"S2S_Rhca_l_18_08";30;"l";"2019";"";"Rhca";3;2019;NA;NA;NA;2095;91,325;1,31463592300458;34,1666666666667;0,697669263788107
"1580";"S2S_Rhca_l_18_08";30;"l";"2019";"";"Risp";4,3;2019;NA;NA;NA;2096;91,325;1,31463592300458;34,1666666666667;0,697669263788107
"1581";"S2S_Rhca_l_18_11";112;"l";"2019";"";"Rhca";3;2019;NA;NA;NA;2097;84,49;0,157812167634196;25,8333333333333;-0,174956208961373
"1582";"S2S_Rhca_l_18_13";112;"l";"2019";"";"Rhca";4;2019;NA;NA;NA;2098;86,16;0,440459668946344;34,1666666666667;0,697669263788107
"1583";"S2S_Rhca_l_18_17";112;"l";"2019";"";"Rhca";5,5;2019;NA;NA;NA;2099;78,6966666666667;-0,822709503584399;25,8333333333333;-0,174956208961373
"1584";"S2S_Rhca_o_16_01";315;"o";"2017";"";"Rhca";999;2017;NA;NA;0;2100;84,98;0,240744668019195;24,1666666666667;-0,349481303511269
"1585";"S2S_Rhca_o_16_03";315;"o";"2017";"";"Rhca";999;2017;NA;NA;0;2101;84,85;0,218742167917052;12,5;-1,57115696536054
"1586";"S2S_Rhca_o_16_03";315;"o";"2019";"";"Rhca";3;2019;NA;NA;NA;2102;84,85;0,218742167917052;12,5;-1,57115696536054
"1587";"S2S_Rhca_o_16_04";315;"o";"2017";"";"Rhca";999;2017;8,5;NA;1;2103;81,21;-0,39732783494296;30;0,261356527413367
"1589";"S2S_Rhca_o_16_06";315;"o";"2017";"";"Rhca";999;2017;NA;NA;0;2105;75,975;-1,2833515890562;22,5;-0,524006398061165
"1590";"S2S_Rhca_o_16_07";315;"o";"2017";"";"Rhca";999;2017;5,5;NA;1;2106;88,11;0,770497170478495;17,0833333333333;-1,09121295534833
"1591";"S2S_Rhca_o_16_07";315;"o";"2017";"";"Rhca";999;2017;6;NA;1;2107;88,11;0,770497170478495;17,0833333333333;-1,09121295534833
"1592";"S2S_Rhca_o_16_07";315;"o";"2017";"";"Rhca";999;2017;7;NA;1;2108;88,11;0,770497170478495;17,0833333333333;-1,09121295534833
"1593";"S2S_Rhca_o_16_07";315;"o";"2017";"";"Rhca";999;2017;NA;NA;0;2109;88,11;0,770497170478495;17,0833333333333;-1,09121295534833
"1597";"S2S_Rhca_o_16_09";315;"o";"2017";"";"Rhca";999;2017;NA;NA;0;2113;91,295;1,30955842298101;27,5;-0,000431114411477333
"1598";"S2S_Rhca_o_16_10";315;"o";"2017";"";"Rhca";999;2017;NA;NA;0;2114;83,915;0,0604934171824053;25,8333333333333;-0,174956208961373
"1599";"S2S_Rhca_o_16_13";314;"o";"2017";"";"Rhca";999;2017;NA;NA;1;2115;82,015;-0,261081584310458;36,6666666666667;0,959456905612951
"1600";"S2S_Rhca_o_16_13";314;"o";"2017";"";"Rhca";999;2017;NA;NA;0;2116;82,015;-0,261081584310458;36,6666666666667;0,959456905612951
"1601";"S2S_Rhca_o_16_13";314;"o";"2017";"";"Rhca";999;2017;NA;NA;0;2117;82,015;-0,261081584310458;36,6666666666667;0,959456905612951
"1604";"S2S_Rhca_o_16_14";314;"o";"2017";"";"Rhca";999;2017;NA;NA;0;2120;81,83;-0,292392834455816;36,6666666666667;0,959456905612951
"1605";"S2S_Rhca_o_16_14";314;"o";"2017";"";"Rhca";999;2017;NA;NA;0;2121;81,83;-0,292392834455816;36,6666666666667;0,959456905612951
"1606";"S2S_Rhca_o_16_14";314;"o";"2017";"";"Rhca";999;2017;NA;NA;0;2122;81,83;-0,292392834455816;36,6666666666667;0,959456905612951
"1607";"S2S_Rhca_o_16_17";314;"o";"2019";"";"Rhca";4,5;2019;NA;NA;NA;2123;82,86;-0,118065333646526;26,6666666666667;-0,0876936616864252
"1608";"S2S_Rhca_o_16_18";314;"o";"2017";"";"Rhca";999;2017;NA;NA;0;2124;80,83;-0,461642835241535;33,3333333333333;0,610406716513159
"1609";"S2S_Rhca_o_16_18";314;"o";"2017";"";"Rhca";999;2017;NA;NA;0;2125;80,83;-0,461642835241535;33,3333333333333;0,610406716513159
"1610";"S2S_Rhca_o_16_18";314;"o";"2017";"";"Rhca";999;2017;NA;NA;0;2126;80,83;-0,461642835241535;33,3333333333333;0,610406716513159
"1611";"S2S_Rhca_o_16_20";314;"o";"2019";"";"Prpa";5;2019;NA;NA;NA;2127;86,065;0,424380918871701;45;1,83208237836243
"1612";"S2S_Rhca_o_17_02";314;"o";"2019";"";"Rini";3;2019;NA;NA;NA;2128;82,86;-0,118065333646526;26,6666666666667;-0,0876936616864252
"1613";"S2S_Rhca_o_17_04";314;"o";"2019";"";"Rini";3,5;2019;NA;NA;NA;2129;86,005;0,414225918824557;27,5;-0,000431114411477333
"1614";"S2S_Rhca_o_17_06";315;"o";"2018";"";"Rhca";3,5;2018;7;NA;1;2130;88,11;0,770497170478495;17,0833333333333;-1,09121295534833
"1615";"S2S_Rhca_o_17_06";315;"o";"2018";"";"Rhca";4;2018;NA;NA;0;2131;88,11;0,770497170478495;17,0833333333333;-1,09121295534833
"1617";"S2S_Rhca_o_17_06";315;"o";"2019";"";"Risp";3;2019;NA;NA;NA;2133;88,11;0,770497170478495;17,0833333333333;-1,09121295534833
"1618";"S2S_Rhca_o_17_09";315;"o";"2019";"";"Rhca";3,5;2019;NA;NA;NA;2134;84,85;0,218742167917052;12,5;-1,57115696536054
"1619";"S2S_Rhca_o_17_09";315;"o";"2019";"";"Rhca";4;2019;NA;NA;NA;2135;84,85;0,218742167917052;12,5;-1,57115696536054
"1620";"S2S_Rhca_o_18_01";315;"o";"2019";"";"Rhca";4;2019;NA;NA;NA;2136;84,98;0,240744668019195;24,1666666666667;-0,349481303511269
"1621";"S2S_Rhca_o_18_01";315;"o";"2019";"";"Rhca";3;2019;NA;NA;NA;2137;84,98;0,240744668019195;24,1666666666667;-0,349481303511269
"1622";"S2S_Rhca_o_18_01";315;"o";"2019";"";"Rhca";5,5;2019;NA;NA;NA;2138;84,98;0,240744668019195;24,1666666666667;-0,349481303511269
"1623";"S2S_Rhca_o_18_03";315;"o";"2019";"";"Rhca";4;2019;NA;NA;NA;2139;84,85;0,218742167917052;12,5;-1,57115696536054
"1624";"S2S_Rhca_o_18_06";315;"o";"2019";"";"Rhca";2,5;2019;NA;NA;NA;2140;75,975;-1,2833515890562;22,5;-0,524006398061165
"1625";"S2S_Rhca_o_18_06";315;"o";"2019";"";"Rhca";3;2019;NA;NA;NA;2141;75,975;-1,2833515890562;22,5;-0,524006398061165
"1626";"S2S_Rhca_o_18_07";315;"o";"2019";"";"Rhca";2;2019;NA;NA;NA;2142;88,11;0,770497170478495;17,0833333333333;-1,09121295534833
"1627";"S2S_Rhca_o_18_08";315;"o";"2019";"";"Rhca";5;2019;NA;NA;NA;2143;79,55;-0,678282836247252;46,6666666666667;2,00660747291233
"1628";"S2S_Rhca_o_18_14";314;"o";"2019";"";"Rhca";2,4;2019;NA;NA;NA;2144;81,83;-0,292392834455816;36,6666666666667;0,959456905612951
"1629";"S2S_Rhca_o_18_14";314;"o";"2019";"";"Rhca";3,5;2019;NA;NA;NA;2145;81,83;-0,292392834455816;36,6666666666667;0,959456905612951
"1630";"S2S_Rhca_o_18_15";314;"o";"2019";"";"Rhca";4,5;2019;NA;NA;NA;2146;72,73;-1,83256784160585;30,8333333333333;0,348619074688315
"1631";"S2S_Rhca_o_18_16";314;"o";"2019";"";"Rhca";4,5;2019;NA;NA;NA;2147;82,16;-0,23654033419653;37,5;1,0467194528879
"1632";"S2S_Rhca_o_18_17";314;"o";"2019";"";"Rhca";4;2019;NA;NA;NA;2148;82,86;-0,118065333646526;26,6666666666667;-0,0876936616864252
"1633";"S2S_Rhca_o_18_19";314;"o";"2019";"";"Rhca";3;2019;NA;NA;NA;2149;87,75;0,709567170195636;21,6666666666667;-0,611268945336113
"1634";"S2S_Rini_l_16_05";30;"l";"2017";"";"Rini";999;2017;NA;NA;0;2150;92,25;1,47119217373137;12,5;-1,57115696536054
"1635";"S2S_Rini_l_16_07";30;"l";"2019";"";"Rini";2;2019;NA;NA;NA;2151;87,64;0,690949670109207;25,8333333333333;-0,174956208961373
"1636";"S2S_Rini_l_16_07";30;"l";"2017";"";"Rini";2;2017;NA;NA;0;2152;87,64;0,690949670109207;25,8333333333333;-0,174956208961373
"1637";"S2S_Rini_l_16_07";30;"l";"2017";"";"Rini";999;2017;NA;NA;0;2153;87,64;0,690949670109207;25,8333333333333;-0,174956208961373
"1638";"S2S_Rini_l_16_08";30;"l";"2017";"";"Rini";999;2017;4;NA;1;2154;91,325;1,31463592300458;34,1666666666667;0,697669263788107
"1639";"S2S_Rini_l_16_08";30;"l";"2017";"";"Rini";999;2017;NA;NA;0;2155;91,325;1,31463592300458;34,1666666666667;0,697669263788107
"1640";"S2S_Rini_l_16_08";30;"l";"2017";"";"Rini";999;2017;NA;NA;0;2156;91,325;1,31463592300458;34,1666666666667;0,697669263788107
"1641";"S2S_Rini_l_16_08";30;"l";"2017";"";"Rini";999;2017;NA;NA;0;2157;91,325;1,31463592300458;34,1666666666667;0,697669263788107
"1644";"S2S_Rini_l_16_09";30;"l";"2017";"";"Rini";999;2017;NA;NA;0;2160;94,5;1,85200467549923;15;-1,3093693235357
"1645";"S2S_Rini_l_16_10";30;"l";"2017";"";"Rini";2;2017;NA;NA;0;2161;88,885;0,901665921087425;15;-1,3093693235357
"1646";"S2S_Rini_l_16_10";30;"l";"2017";"";"Rini";4,5;2017;NA;NA;0;2162;88,885;0,901665921087425;15;-1,3093693235357
"1647";"S2S_Rini_l_16_11";112;"l";"2019";"";"Rhca";2,5;2019;NA;NA;NA;2163;94,93;1,92478217583709;25,8333333333333;-0,174956208961373
"1648";"S2S_Rini_l_16_13";112;"l";"2018";"";"Rini";999;2018;NA;NA;0;2164;86,16;0,440459668946344;34,1666666666667;0,697669263788107
"1649";"S2S_Rini_l_16_13";112;"l";"2019";"";"Rini";2,5;2019;NA;NA;NA;2165;86,16;0,440459668946344;34,1666666666667;0,697669263788107
"1650";"S2S_Rini_l_16_14";112;"l";"2018";"";"Rini";999;2018;NA;NA;0;2166;86,38;0,477694669119201;40;1,30850709471274
"1651";"S2S_Rini_l_16_14";112;"l";"2018";"";"Rini";999;2018;NA;NA;0;2167;86,38;0,477694669119201;40;1,30850709471274
"1652";"S2S_Rini_l_16_15";112;"l";"2017";"";"Rini";999;2017;NA;NA;0;2168;79,335;-0,714671586416184;33,3333333333333;0,610406716513159
"1653";"S2S_Rini_l_16_16";112;"l";"2017";"";"Rini";999;2017;NA;NA;0;2169;86,27;0,459077169032773;35;0,784931811063055
"1654";"S2S_Rini_l_16_16";112;"l";"2017";"";"Rini";999;2017;NA;NA;0;2170;86,27;0,459077169032773;35;0,784931811063055
"1655";"S2S_Rini_l_16_20";112;"l";"2018";"";"Rini";2,5;2018;NA;NA;0;2171;82,665;-0,151069083799743;36,6666666666667;0,959456905612951
"1656";"S2S_Rini_l_17_03";30;"l";"2019";"";"Rini";5;2019;NA;NA;NA;2172;87,64;0,690949670109207;25,8333333333333;-0,174956208961373
"1657";"S2S_Rini_l_17_05";30;"l";"2019";"";"Rini";3;2019;NA;NA;NA;2173;92,25;1,47119217373137;12,5;-1,57115696536054
"1658";"S2S_Rini_l_17_07";112;"l";"2018";"";"Rini";999;2018;NA;NA;0;2174;70,83;-2,15414284309872;35;0,784931811063055
"1659";"S2S_Rini_l_17_08";112;"l";"2019";"";"Rhca";3;2019;NA;NA;NA;2175;84,49;0,157812167634196;25,8333333333333;-0,174956208961373
"1660";"S2S_Rini_l_18_02";30;"l";"2019";"";"Rini";4;2019;NA;NA;NA;2176;83,395;-0,0275165832261651;17,5;-1,04758168171085
"1661";"S2S_Rini_l_18_04";30;"l";"2019";"";"Sani";6;2019;NA;NA;NA;2177;67,78;-2,67035534549516;25,8333333333333;-0,174956208961373
"1662";"S2S_Rini_l_18_11";112;"l";"2019";"";"Rini";4;2019;NA;NA;NA;2178;84,49;0,157812167634196;25,8333333333333;-0,174956208961373
"1663";"S2S_Rini_l_18_16";112;"l";"2019";"";"Rini";3;2019;NA;NA;NA;2179;70,83;-2,15414284309872;35;0,784931811063055
"1664";"S2S_Rini_l_18_16";112;"l";"2019";"";"Risp";3,5;2019;NA;NA;NA;2180;70,83;-2,15414284309872;35;0,784931811063055
"1665";"S2S_Rini_l_18_16";112;"l";"2019";"";"Risp";4;2019;NA;NA;NA;2181;70,83;-2,15414284309872;35;0,784931811063055
"1666";"S2S_Rini_l_18_18";112;"l";"2019";"";"Rini";3,5;2019;NA;NA;NA;2182;83,275;-0,0478265833204521;38,3333333333333;1,13398200016285
"1667";"S2S_Rini_l_18_18";112;"l";"2019";"";"Rini";3,5;2019;NA;NA;NA;2183;83,275;-0,0478265833204521;38,3333333333333;1,13398200016285
"1668";"S2S_Rini_l_18_18";112;"l";"2019";"";"Rini";3;2019;NA;NA;NA;2184;83,275;-0,0478265833204521;38,3333333333333;1,13398200016285
"1669";"S2S_Rini_l_18_18";112;"l";"2019";"";"Rini";4;2019;NA;NA;NA;2185;83,275;-0,0478265833204521;38,3333333333333;1,13398200016285
"1670";"S2S_Rini_l_18_18";112;"l";"2019";"";"Rini";2,5;2019;NA;NA;NA;2186;83,275;-0,0478265833204521;38,3333333333333;1,13398200016285
"1671";"S2S_Rini_o_16_01";315;"o";"2017";"";"Rini";999;2017;NA;NA;0;2187;84,98;0,240744668019195;24,1666666666667;-0,349481303511269
"1672";"S2S_Rini_o_16_02";315;"o";"2017";"";"Rini";999;2017;NA;NA;0;2188;83,82;0,0444146671077623;30,8333333333333;0,348619074688315
"1673";"S2S_Rini_o_16_03";315;"o";"2017";"";"Rini";999;2017;NA;NA;0;2189;84,85;0,218742167917052;12,5;-1,57115696536054
"1674";"S2S_Rini_o_16_05";315;"o";"2017";"";"Rini";999;2017;NA;NA;0;2190;72,35;-1,89688284190443;23,3333333333333;-0,436743850786218
"1675";"S2S_Rini_o_16_05";315;"o";"2017";"";"Rini";999;2017;NA;NA;0;2191;72,35;-1,89688284190443;23,3333333333333;-0,436743850786218
"1676";"S2S_Rini_o_16_05";315;"o";"2017";"";"Rini";999;2017;NA;NA;0;2192;72,35;-1,89688284190443;23,3333333333333;-0,436743850786218
"1677";"S2S_Rini_o_16_05";315;"o";"2017";"";"Rini";999;2017;NA;NA;0;2193;72,35;-1,89688284190443;23,3333333333333;-0,436743850786218
"1678";"S2S_Rini_o_16_07";315;"o";"2017";"";"Rini";999;2017;NA;NA;0;2194;88,11;0,770497170478495;17,0833333333333;-1,09121295534833
"1679";"S2S_Rini_o_16_09";315;"o";"2017";"";"Rini";999;2017;NA;NA;0;2195;91,295;1,30955842298101;27,5;-0,000431114411477333
"1680";"S2S_Rini_o_16_10";315;"o";"2017";"";"Rini";999;2017;NA;NA;1;2196;83,915;0,0604934171824053;25,8333333333333;-0,174956208961373
"1681";"S2S_Rini_o_16_10";315;"o";"2017";"";"Rini";999;2017;NA;NA;1;2197;83,915;0,0604934171824053;25,8333333333333;-0,174956208961373
"1682";"S2S_Rini_o_16_10";315;"o";"2017";"";"Rini";999;2017;NA;NA;0;2198;83,915;0,0604934171824053;25,8333333333333;-0,174956208961373
"1685";"S2S_Rini_o_16_11";314;"o";"2017";"";"Rini";999;2017;NA;NA;0;2201;86,71;0,533547169378491;40;1,30850709471274
"1686";"S2S_Rini_o_16_12";314;"o";"2019";"";"Rini";2,8;2019;NA;NA;NA;2202;86,005;0,414225918824557;27,5;-0,000431114411477333
"1687";"S2S_Rini_o_16_17";314;"o";"2017";"";"Rini";999;2017;NA;NA;0;2203;82,86;-0,118065333646526;26,6666666666667;-0,0876936616864252
"1688";"S2S_Rini_o_16_17";314;"o";"2017";"";"Rini";999;2017;NA;NA;0;2204;82,86;-0,118065333646526;26,6666666666667;-0,0876936616864252
"1689";"S2S_Rini_o_16_17";314;"o";"2017";"";"Rini";999;2017;NA;NA;0;2205;82,86;-0,118065333646526;26,6666666666667;-0,0876936616864252
"1690";"S2S_Rini_o_16_19";314;"o";"2017";"";"Rini";999;2017;4;NA;1;2206;87,75;0,709567170195636;21,6666666666667;-0,611268945336113
"1691";"S2S_Rini_o_16_19";314;"o";"2017";"";"Rini";999;2017;NA;NA;0;2207;87,75;0,709567170195636;21,6666666666667;-0,611268945336113
"1693";"S2S_Rini_o_16_19";314;"o";"2018";"";"Rini";2;2018;NA;NA;0;2209;87,75;0,709567170195636;21,6666666666667;-0,611268945336113
"1694";"S2S_Rini_o_17_02";314;"o";"2018";"";"Rini";999;2018;NA;NA;0;2210;82,86;-0,118065333646526;26,6666666666667;-0,0876936616864252
"1695";"S2S_Rini_o_17_02";314;"o";"2019";"";"Rini";2,5;2019;NA;NA;NA;2211;82,86;-0,118065333646526;26,6666666666667;-0,0876936616864252
"1696";"S2S_Rini_o_17_03";314;"o";"2018";"";"Rini";2;2018;NA;NA;0;2212;80,83;-0,461642835241535;33,3333333333333;0,610406716513159
"1697";"S2S_Rini_o_17_03";314;"o";"2018";"";"Rini";2,5;2018;NA;NA;0;2213;80,83;-0,461642835241535;33,3333333333333;0,610406716513159
"1698";"S2S_Rini_o_17_03";314;"o";"2018";"";"Rini";3;2018;NA;NA;0;2214;80,83;-0,461642835241535;33,3333333333333;0,610406716513159
"1699";"S2S_Rini_o_17_03";314;"o";"2018";"";"Rini";3,5;2018;NA;NA;0;2215;80,83;-0,461642835241535;33,3333333333333;0,610406716513159
"1700";"S2S_Rini_o_17_04";314;"o";"2019";"";"Rini";2;2019;NA;NA;NA;2216;86,005;0,414225918824557;27,5;-0,000431114411477333
"1701";"S2S_Rini_o_17_04";314;"o";"2018";"";"Rini";2;2018;NA;NA;0;2217;86,005;0,414225918824557;27,5;-0,000431114411477333
"1702";"S2S_Rini_o_17_04";314;"o";"2018";"";"Rini";2;2018;NA;NA;0;2218;86,005;0,414225918824557;27,5;-0,000431114411477333
"1703";"S2S_Rini_o_17_04";314;"o";"2018";"";"Rini";3;2018;NA;NA;0;2219;86,005;0,414225918824557;27,5;-0,000431114411477333
"1704";"S2S_Rini_o_17_04";314;"o";"2018";"";"Rini";3;2018;NA;NA;0;2220;86,005;0,414225918824557;27,5;-0,000431114411477333
"1705";"S2S_Rini_o_17_04";314;"o";"2018";"";"Rini";3,5;2018;NA;NA;0;2221;86,005;0,414225918824557;27,5;-0,000431114411477333
"1706";"S2S_Rini_o_17_04";314;"o";"2018";"";"Rini";4;2018;NA;NA;0;2222;86,005;0,414225918824557;27,5;-0,000431114411477333
"1707";"S2S_Rini_o_17_06";315;"o";"2018";"";"Rini";2;2018;NA;NA;NA;2223;88,11;0,770497170478495;17,0833333333333;-1,09121295534833
"1708";"S2S_Rini_o_17_06";315;"o";"2018";"";"Rini";3;2018;NA;NA;NA;2224;88,11;0,770497170478495;17,0833333333333;-1,09121295534833
"1709";"S2S_Rini_o_17_06";315;"o";"2018";"";"Rini";3,5;2018;NA;NA;NA;2225;88,11;0,770497170478495;17,0833333333333;-1,09121295534833
"1710";"S2S_Rini_o_17_06";315;"o";"2018";"";"Rini";3,5;2018;NA;NA;NA;2226;88,11;0,770497170478495;17,0833333333333;-1,09121295534833
"1711";"S2S_Rini_o_17_06";315;"o";"2018";"";"Rini";4;2018;NA;NA;NA;2227;88,11;0,770497170478495;17,0833333333333;-1,09121295534833
"1712";"S2S_Rini_o_17_07";315;"o";"2018";"";"Rini";2;2018;NA;NA;0;2228;91,295;1,30955842298101;27,5;-0,000431114411477333
"1713";"S2S_Rini_o_17_07";315;"o";"2018";"";"Rini";3;2018;NA;NA;0;2229;91,295;1,30955842298101;27,5;-0,000431114411477333
"1714";"S2S_Rini_o_17_07";315;"o";"2018";"";"Rini";3,5;2018;NA;NA;0;2230;91,295;1,30955842298101;27,5;-0,000431114411477333
"1715";"S2S_Rini_o_17_09";315;"o";"2019";"";"Rini";3,7;2019;NA;NA;NA;2231;84,85;0,218742167917052;12,5;-1,57115696536054
"1716";"S2S_Rini_o_17_09";315;"o";"2019";"";"Rini";2;2019;NA;NA;NA;2232;84,85;0,218742167917052;12,5;-1,57115696536054
"1717";"S2S_Rini_o_17_09";315;"o";"2019";"";"Rini";3;2019;NA;NA;NA;2233;84,85;0,218742167917052;12,5;-1,57115696536054
"1718";"S2S_Rini_o_18_02";315;"o";"2019";"";"Rini";5;2019;NA;NA;NA;2234;83,82;0,0444146671077623;30,8333333333333;0,348619074688315
"1719";"S2S_Rini_o_18_02";315;"o";"2019";"";"Rini";5;2019;NA;NA;NA;2235;83,82;0,0444146671077623;30,8333333333333;0,348619074688315
"1720";"S2S_Rini_o_18_02";315;"o";"2019";"";"Rini";2,5;2019;NA;NA;NA;2236;83,82;0,0444146671077623;30,8333333333333;0,348619074688315
"1721";"S2S_Rini_o_18_07";315;"o";"2019";"";"Rini";4;2019;NA;NA;NA;2237;88,11;0,770497170478495;17,0833333333333;-1,09121295534833
"1722";"S2S_Rini_o_18_07";315;"o";"2019";"";"Rini";3,5;2019;NA;NA;NA;2238;88,11;0,770497170478495;17,0833333333333;-1,09121295534833
"1723";"S2S_Rini_o_18_07";315;"o";"2019";"";"Rini";3,5;2019;NA;NA;NA;2239;88,11;0,770497170478495;17,0833333333333;-1,09121295534833
"1724";"S2S_Rini_o_18_07";315;"o";"2019";"";"Rini";4,5;2019;NA;NA;NA;2240;88,11;0,770497170478495;17,0833333333333;-1,09121295534833
"1725";"S2S_Rini_o_18_12";314;"o";"2019";"";"Fral";3,5;2019;NA;NA;NA;2241;86,005;0,414225918824557;27,5;-0,000431114411477333
"1726";"S2S_Rini_o_18_12";314;"o";"2019";"";"Fral";6,5;2019;NA;NA;NA;2242;86,005;0,414225918824557;27,5;-0,000431114411477333
"1727";"S2S_Rini_o_18_12";314;"o";"2019";"";"Fral";4;2019;NA;NA;NA;2243;86,005;0,414225918824557;27,5;-0,000431114411477333
"1728";"S2S_Rini_o_18_13";314;"o";"2019";"";"Rini";2,5;2019;NA;NA;NA;2244;82,015;-0,261081584310458;36,6666666666667;0,959456905612951
"1729";"S2S_Rini_o_18_16";314;"o";"2019";"";"Rini";1,6;2019;NA;NA;NA;2245;82,16;-0,23654033419653;37,5;1,0467194528879
"1730";"S2S_Rini_o_18_16";314;"o";"2019";"";"Rini";1,4;2019;NA;NA;NA;2246;82,16;-0,23654033419653;37,5;1,0467194528879
"1731";"S2S_Rini_o_18_17";314;"o";"2019";"";"Rini";3,5;2019;NA;NA;NA;2247;82,86;-0,118065333646526;26,6666666666667;-0,0876936616864252
"1732";"S2S_Risp_l_16_02";30;"l";"2017";"";"Risp";999;2017;NA;NA;0;2248;83,395;-0,0275165832261651;17,5;-1,04758168171085
"1733";"S2S_Risp_l_16_02";30;"l";"2017";"";"Risp";999;2017;NA;NA;0;2249;83,395;-0,0275165832261651;17,5;-1,04758168171085
"1734";"S2S_Risp_l_16_02";30;"l";"2017";"";"Risp";999;2017;NA;NA;0;2250;83,395;-0,0275165832261651;17,5;-1,04758168171085
"1735";"S2S_Risp_l_16_02";30;"l";"2017";"";"Risp";999;2017;NA;NA;0;2251;83,395;-0,0275165832261651;17,5;-1,04758168171085
"1736";"S2S_Risp_l_16_02";30;"l";"2017";"";"Risp";999;2017;NA;NA;0;2252;83,395;-0,0275165832261651;17,5;-1,04758168171085
"1737";"S2S_Risp_l_16_02";30;"l";"2017";"";"Risp";999;2017;NA;NA;0;2253;83,395;-0,0275165832261651;17,5;-1,04758168171085
"1738";"S2S_Risp_l_16_02";30;"l";"2017";"";"Risp";999;2017;NA;NA;0;2254;83,395;-0,0275165832261651;17,5;-1,04758168171085
"1739";"S2S_Risp_l_16_03";30;"l";"2017";"";"Risp";5;2017;NA;NA;0;2255;85,435;0,317753418376699;13,6666666666667;-1,44898939917561
"1740";"S2S_Risp_l_16_05";30;"l";"2017";"";"Risp";999;2017;NA;NA;0;2256;92,25;1,47119217373137;12,5;-1,57115696536054
"1741";"S2S_Risp_l_16_05";30;"l";"2017";"";"Risp";999;2017;NA;NA;0;2257;92,25;1,47119217373137;12,5;-1,57115696536054
"1742";"S2S_Risp_l_16_07";30;"l";"2017";"";"Risp";3,5;2017;NA;NA;1;2258;87,64;0,690949670109207;25,8333333333333;-0,174956208961373
"1743";"S2S_Risp_l_16_07";30;"l";"2017";"";"Risp";999;2017;NA;NA;0;2259;87,64;0,690949670109207;25,8333333333333;-0,174956208961373
"1746";"S2S_Risp_l_16_08";30;"l";"2017";"";"Risp";999;2017;NA;NA;0;2262;91,325;1,31463592300458;34,1666666666667;0,697669263788107
"1747";"S2S_Risp_l_16_08";30;"l";"2017";"";"Risp";999;2017;NA;NA;0;2263;91,325;1,31463592300458;34,1666666666667;0,697669263788107
"1748";"S2S_Risp_l_16_08";30;"l";"2017";"";"Risp";999;2017;NA;NA;1;2264;91,325;1,31463592300458;34,1666666666667;0,697669263788107
"1749";"S2S_Risp_l_16_08";30;"l";"2017";"";"Risp";999;2017;NA;NA;1;2265;91,325;1,31463592300458;34,1666666666667;0,697669263788107
"1750";"S2S_Risp_l_16_08";30;"l";"2017";"";"Risp";999;2017;NA;NA;1;2266;91,325;1,31463592300458;34,1666666666667;0,697669263788107
"1757";"S2S_Risp_l_16_09";30;"l";"2017";"";"Risp";999;2017;NA;NA;0;2273;94,5;1,85200467549923;15;-1,3093693235357
"1758";"S2S_Risp_l_16_10";30;"l";"2017";"";"Risp";3;2017;NA;NA;1;2274;88,885;0,901665921087425;15;-1,3093693235357
"1761";"S2S_Risp_l_16_11";112;"l";"2019";"";"Rhca";3;2019;NA;NA;NA;2277;94,93;1,92478217583709;25,8333333333333;-0,174956208961373
"1762";"S2S_Risp_l_16_12";112;"l";"2017";"";"Risp";999;2017;NA;NA;0;2278;87,5833333333333;0,681358836731349;25;-0,262218756236321
"1763";"S2S_Risp_l_16_12";112;"l";"2017";"";"Risp";999;2017;NA;NA;0;2279;87,5833333333333;0,681358836731349;25;-0,262218756236321
"1764";"S2S_Risp_l_16_12";112;"l";"2017";"";"Risp";999;2017;NA;NA;0;2280;87,5833333333333;0,681358836731349;25;-0,262218756236321
"1765";"S2S_Risp_l_16_12";112;"l";"2017";"";"Risp";999;2017;NA;NA;0;2281;87,5833333333333;0,681358836731349;25;-0,262218756236321
"1766";"S2S_Risp_l_16_13";112;"l";"2017";"";"Risp";999;2017;NA;NA;0;2282;86,16;0,440459668946344;34,1666666666667;0,697669263788107
"1767";"S2S_Risp_l_16_13";112;"l";"2018";"";"Risp";999;2018;NA;NA;0;2283;86,16;0,440459668946344;34,1666666666667;0,697669263788107
"1768";"S2S_Risp_l_16_13";112;"l";"2018";"";"Risp";999;2018;NA;NA;0;2284;86,16;0,440459668946344;34,1666666666667;0,697669263788107
"1769";"S2S_Risp_l_16_13";112;"l";"2018";"";"Risp";999;2018;NA;NA;0;2285;86,16;0,440459668946344;34,1666666666667;0,697669263788107
"1770";"S2S_Risp_l_16_13";112;"l";"2018";"";"Risp";999;2018;NA;NA;0;2286;86,16;0,440459668946344;34,1666666666667;0,697669263788107
"1771";"S2S_Risp_l_16_13";112;"l";"2018";"";"Risp";999;2018;NA;NA;0;2287;86,16;0,440459668946344;34,1666666666667;0,697669263788107
"1772";"S2S_Risp_l_16_13";112;"l";"2018";"";"Risp";999;2018;NA;NA;0;2288;86,16;0,440459668946344;34,1666666666667;0,697669263788107
"1773";"S2S_Risp_l_16_13";112;"l";"2018";"";"Risp";999;2018;NA;NA;0;2289;86,16;0,440459668946344;34,1666666666667;0,697669263788107
"1774";"S2S_Risp_l_16_13";112;"l";"2018";"";"Risp";999;2018;NA;NA;0;2290;86,16;0,440459668946344;34,1666666666667;0,697669263788107
"1775";"S2S_Risp_l_16_14";112;"l";"2018";"";"Risp";999;2018;NA;NA;0;2291;86,38;0,477694669119201;40;1,30850709471274
"1776";"S2S_Risp_l_16_14";112;"l";"2018";"";"Risp";999;2018;NA;NA;0;2292;86,38;0,477694669119201;40;1,30850709471274
"1777";"S2S_Risp_l_16_14";112;"l";"2018";"";"Risp";999;2018;NA;NA;0;2293;86,38;0,477694669119201;40;1,30850709471274
"1778";"S2S_Risp_l_16_14";112;"l";"2018";"";"Risp";999;2018;NA;NA;0;2294;86,38;0,477694669119201;40;1,30850709471274
"1779";"S2S_Risp_l_16_14";112;"l";"2018";"";"Risp";999;2018;NA;NA;0;2295;86,38;0,477694669119201;40;1,30850709471274
"1780";"S2S_Risp_l_16_14";112;"l";"2018";"";"Risp";999;2018;NA;NA;0;2296;86,38;0,477694669119201;40;1,30850709471274
"1781";"S2S_Risp_l_16_14";112;"l";"2018";"";"Risp";999;2018;NA;NA;0;2297;86,38;0,477694669119201;40;1,30850709471274
"1782";"S2S_Risp_l_16_14";112;"l";"2018";"";"Risp";999;2018;NA;NA;0;2298;86,38;0,477694669119201;40;1,30850709471274
"1783";"S2S_Risp_l_16_14";112;"l";"2018";"";"Risp";999;2018;NA;NA;0;2299;86,38;0,477694669119201;40;1,30850709471274
"1784";"S2S_Risp_l_16_14";112;"l";"2018";"";"Risp";999;2018;NA;NA;0;2300;86,38;0,477694669119201;40;1,30850709471274
"1785";"S2S_Risp_l_16_14";112;"l";"2018";"";"Risp";999;2018;NA;NA;0;2301;86,38;0,477694669119201;40;1,30850709471274
"1786";"S2S_Risp_l_16_14";112;"l";"2018";"";"Risp";999;2018;NA;NA;0;2302;86,38;0,477694669119201;40;1,30850709471274
"1787";"S2S_Risp_l_16_16";112;"l";"2017";"";"Risp";999;2017;NA;NA;0;2303;86,27;0,459077169032773;35;0,784931811063055
"1788";"S2S_Risp_l_16_18";112;"l";"2017";"";"Risp";999;2017;NA;NA;0;2304;83,275;-0,0478265833204521;38,3333333333333;1,13398200016285
"1789";"S2S_Risp_l_16_18";112;"l";"2017";"";"Risp";999;2017;NA;NA;0;2305;83,275;-0,0478265833204521;38,3333333333333;1,13398200016285
"1790";"S2S_Risp_l_16_20";112;"l";"2018";"";"Risp";3;2018;NA;NA;0;2306;82,665;-0,151069083799743;36,6666666666667;0,959456905612951
"1791";"S2S_Risp_l_16_20";112;"l";"2018";"";"Risp";4;2018;NA;NA;0;2307;82,665;-0,151069083799743;36,6666666666667;0,959456905612951
"1792";"S2S_Risp_l_16_20";112;"l";"2019";"";"Risp";4;2019;NA;NA;NA;2308;82,665;-0,151069083799743;36,6666666666667;0,959456905612951
"1793";"S2S_Risp_l_16_20";112;"l";"2019";"";"Risp";2,5;2019;NA;NA;NA;2309;82,665;-0,151069083799743;36,6666666666667;0,959456905612951
"1794";"S2S_Risp_l_16_20";112;"l";"2017";"";"Risp";999;2017;NA;NA;0;2310;82,665;-0,151069083799743;36,6666666666667;0,959456905612951
"1795";"S2S_Risp_l_16_20";112;"l";"2017";"";"Risp";999;2017;NA;NA;0;2311;82,665;-0,151069083799743;36,6666666666667;0,959456905612951
"1796";"S2S_Risp_l_16_20";112;"l";"2017";"";"Risp";999;2017;NA;NA;0;2312;82,665;-0,151069083799743;36,6666666666667;0,959456905612951
"1797";"S2S_Risp_l_16_20";112;"l";"2017";"";"Risp";999;2017;NA;NA;0;2313;82,665;-0,151069083799743;36,6666666666667;0,959456905612951
"1798";"S2S_Risp_l_16_20";112;"l";"2017";"";"Risp";999;2017;NA;NA;0;2314;82,665;-0,151069083799743;36,6666666666667;0,959456905612951
"1799";"S2S_Risp_l_16_20";112;"l";"2017";"";"Risp";999;2017;NA;NA;0;2315;82,665;-0,151069083799743;36,6666666666667;0,959456905612951
"1800";"S2S_Risp_l_17_01";30;"l";"2018";"";"Risp";4;2018;NA;NA;0;2316;88,885;0,901665921087425;15;-1,3093693235357
"1801";"S2S_Risp_l_17_02";30;"l";"2018";"";"Risp";2,5;2018;NA;NA;0;2317;91,325;1,31463592300458;34,1666666666667;0,697669263788107
"1802";"S2S_Risp_l_17_02";30;"l";"2018";"";"Risp";3;2018;4;NA;1;2318;91,325;1,31463592300458;34,1666666666667;0,697669263788107
"1804";"S2S_Risp_l_17_08";112;"l";"2018";"";"Risp";999;2018;NA;NA;0;2320;84,49;0,157812167634196;25,8333333333333;-0,174956208961373
"1805";"S2S_Risp_l_17_09";112;"l";"2018";"";"Risp";999;2018;NA;NA;0;2321;82,665;-0,151069083799743;36,6666666666667;0,959456905612951
"1806";"S2S_Risp_l_17_10";112;"l";"2018";"";"Risp";2,5;2018;NA;NA;0;2322;74,66;-1,50591534008942;38,3333333333333;1,13398200016285
"1807";"S2S_Risp_l_17_10";112;"l";"2018";"";"Risp";4;2018;NA;NA;0;2323;74,66;-1,50591534008942;38,3333333333333;1,13398200016285
"1808";"S2S_Risp_l_17_10";112;"l";"2019";"";"Risp";3,5;2019;NA;NA;NA;2324;74,66;-1,50591534008942;38,3333333333333;1,13398200016285
"1809";"S2S_Risp_l_17_10";112;"l";"2019";"";"Risp";4;2019;NA;NA;NA;2325;74,66;-1,50591534008942;38,3333333333333;1,13398200016285
"1810";"S2S_Risp_l_17_10";112;"l";"2019";"";"Risp";5;2019;NA;NA;NA;2326;74,66;-1,50591534008942;38,3333333333333;1,13398200016285
"1811";"S2S_Risp_l_18_04";30;"l";"2019";"";"Sani";4,5;2019;NA;NA;NA;2327;67,78;-2,67035534549516;25,8333333333333;-0,174956208961373
"1812";"S2S_Risp_l_18_07";30;"l";"2019";"";"Prpa";5,5;2019;NA;NA;NA;2328;87,64;0,690949670109207;25,8333333333333;-0,174956208961373
"1813";"S2S_Risp_l_18_10";30;"l";"2019";"";"Risp";7;2019;NA;NA;NA;2329;88,885;0,901665921087425;15;-1,3093693235357
"1814";"S2S_Risp_l_18_10";30;"l";"2019";"";"Risp";3;2019;NA;NA;NA;2330;88,885;0,901665921087425;15;-1,3093693235357
"1815";"S2S_Risp_l_18_12";112;"l";"2019";"";"Risp";3;2019;NA;NA;NA;2331;87,5833333333333;0,681358836731349;25;-0,262218756236321
"1816";"S2S_Risp_l_18_14";112;"l";"2019";"";"Rhca";4,8;2019;NA;NA;NA;2332;79,335;-0,714671586416184;40;1,30850709471274
"1817";"S2S_Risp_l_18_16";112;"l";"2019";"";"Risp";8;2019;NA;NA;NA;2333;70,83;-2,15414284309872;35;0,784931811063055
"1818";"S2S_Risp_l_18_17";112;"l";"2019";"";"Risp";4;2019;NA;NA;NA;2334;78,6966666666667;-0,822709503584399;25,8333333333333;-0,174956208961373
"1819";"S2S_Risp_o_16_01";315;"o";"2017";"";"Risp";999;2017;NA;NA;0;2335;84,98;0,240744668019195;24,1666666666667;-0,349481303511269
"1820";"S2S_Risp_o_16_01";315;"o";"2017";"";"Risp";999;2017;NA;NA;0;2336;84,98;0,240744668019195;24,1666666666667;-0,349481303511269
"1821";"S2S_Risp_o_16_01";315;"o";"2018";"";"Risp";1,5;2018;NA;NA;0;2337;84,98;0,240744668019195;24,1666666666667;-0,349481303511269
"1822";"S2S_Risp_o_16_01";315;"o";"2018";"";"Risp";3;2018;NA;NA;0;2338;84,98;0,240744668019195;24,1666666666667;-0,349481303511269
"1823";"S2S_Risp_o_16_02";315;"o";"2019";"";"Risp";4;2019;NA;NA;NA;2339;83,82;0,0444146671077623;30,8333333333333;0,348619074688315
"1824";"S2S_Risp_o_16_02";315;"o";"2019";"";"Risp";2;2019;NA;NA;NA;2340;83,82;0,0444146671077623;30,8333333333333;0,348619074688315
"1825";"S2S_Risp_o_16_02";315;"o";"2017";"";"Risp";999;2017;NA;NA;0;2341;83,82;0,0444146671077623;30,8333333333333;0,348619074688315
"1826";"S2S_Risp_o_16_02";315;"o";"2017";"";"Risp";999;2017;NA;NA;0;2342;83,82;0,0444146671077623;30,8333333333333;0,348619074688315
"1827";"S2S_Risp_o_16_02";315;"o";"2017";"";"Risp";999;2017;NA;NA;0;2343;83,82;0,0444146671077623;30,8333333333333;0,348619074688315
"1828";"S2S_Risp_o_16_02";315;"o";"2017";"";"Risp";999;2017;NA;NA;0;2344;83,82;0,0444146671077623;30,8333333333333;0,348619074688315
"1829";"S2S_Risp_o_16_02";315;"o";"2017";"";"Risp";999;2017;NA;NA;0;2345;83,82;0,0444146671077623;30,8333333333333;0,348619074688315
"1830";"S2S_Risp_o_16_02";315;"o";"2017";"";"Risp";999;2017;NA;NA;0;2346;83,82;0,0444146671077623;30,8333333333333;0,348619074688315
"1831";"S2S_Risp_o_16_03";315;"o";"2017";"";"Risp";999;2017;NA;NA;1;2347;84,85;0,218742167917052;12,5;-1,57115696536054
"1832";"S2S_Risp_o_16_03";315;"o";"2017";"";"Risp";999;2017;NA;NA;0;2348;84,85;0,218742167917052;12,5;-1,57115696536054
"1833";"S2S_Risp_o_16_03";315;"o";"2017";"";"Risp";999;2017;NA;NA;0;2349;84,85;0,218742167917052;12,5;-1,57115696536054
"1834";"S2S_Risp_o_16_03";315;"o";"2017";"";"Risp";999;2017;NA;NA;0;2350;84,85;0,218742167917052;12,5;-1,57115696536054
"1835";"S2S_Risp_o_16_03";315;"o";"2017";"";"Risp";999;2017;NA;NA;0;2351;84,85;0,218742167917052;12,5;-1,57115696536054
"1836";"S2S_Risp_o_16_03";315;"o";"2017";"";"Risp";999;2017;NA;NA;0;2352;84,85;0,218742167917052;12,5;-1,57115696536054
"1839";"S2S_Risp_o_16_05";315;"o";"2017";"";"Risp";999;2017;NA;NA;0;2355;72,35;-1,89688284190443;23,3333333333333;-0,436743850786218
"1840";"S2S_Risp_o_16_07";315;"o";"2019";"";"Prpa";9;2019;NA;NA;NA;2356;88,11;0,770497170478495;17,0833333333333;-1,09121295534833
"1841";"S2S_Risp_o_16_07";315;"o";"2019";"";"Prpa";6,5;2019;NA;NA;NA;2357;88,11;0,770497170478495;17,0833333333333;-1,09121295534833
"1842";"S2S_Risp_o_16_07";315;"o";"2017";"";"Risp";999;2017;NA;NA;0;2358;88,11;0,770497170478495;17,0833333333333;-1,09121295534833
"1843";"S2S_Risp_o_16_07";315;"o";"2017";"";"Risp";999;2017;NA;NA;0;2359;88,11;0,770497170478495;17,0833333333333;-1,09121295534833
"1844";"S2S_Risp_o_16_07";315;"o";"2017";"";"Risp";999;2017;5;NA;1;2360;88,11;0,770497170478495;17,0833333333333;-1,09121295534833
"1845";"S2S_Risp_o_16_07";315;"o";"2017";"";"Risp";999;2017;7;NA;1;2361;88,11;0,770497170478495;17,0833333333333;-1,09121295534833
"1848";"S2S_Risp_o_16_07";315;"o";"2018";"";"Risp";3,5;2018;NA;NA;0;2364;88,11;0,770497170478495;17,0833333333333;-1,09121295534833
"1851";"S2S_Risp_o_16_08";315;"o";"2017";"";"Risp";999;2017;NA;NA;0;2367;79,55;-0,678282836247252;46,6666666666667;2,00660747291233
"1852";"S2S_Risp_o_16_08";315;"o";"2017";"";"Risp";999;2017;NA;NA;0;2368;79,55;-0,678282836247252;46,6666666666667;2,00660747291233
"1853";"S2S_Risp_o_16_09";315;"o";"2018";"";"Risp";4;2018;NA;NA;0;2369;91,295;1,30955842298101;27,5;-0,000431114411477333
"1854";"S2S_Risp_o_16_09";315;"o";"2017";"";"Risp";999;2017;NA;NA;0;2370;91,295;1,30955842298101;27,5;-0,000431114411477333
"1855";"S2S_Risp_o_16_09";315;"o";"2017";"";"Risp";999;2017;NA;NA;0;2371;91,295;1,30955842298101;27,5;-0,000431114411477333
"1856";"S2S_Risp_o_16_10";315;"o";"2017";"";"Risp";999;2017;NA;NA;0;2372;83,915;0,0604934171824053;25,8333333333333;-0,174956208961373
"1857";"S2S_Risp_o_16_10";315;"o";"2017";"";"Risp";999;2017;NA;NA;0;2373;83,915;0,0604934171824053;25,8333333333333;-0,174956208961373
"1858";"S2S_Risp_o_16_10";315;"o";"2018";"";"Risp";999;2018;3;NA;1;2374;83,915;0,0604934171824053;25,8333333333333;-0,174956208961373
"1859";"S2S_Risp_o_16_10";315;"o";"2018";"";"Risp";999;2018;8;NA;1;2375;83,915;0,0604934171824053;25,8333333333333;-0,174956208961373
"1862";"S2S_Risp_o_16_12";314;"o";"2019";"";"Risp";3;2019;NA;NA;NA;2378;86,005;0,414225918824557;27,5;-0,000431114411477333
"1863";"S2S_Risp_o_16_12";314;"o";"2019";"";"Risp";2;2019;NA;NA;NA;2379;86,005;0,414225918824557;27,5;-0,000431114411477333
"1864";"S2S_Risp_o_16_12";314;"o";"2019";"";"Risp";1,5;2019;NA;NA;NA;2380;86,005;0,414225918824557;27,5;-0,000431114411477333
"1865";"S2S_Risp_o_16_12";314;"o";"2018";"";"Risp";3,5;2018;NA;NA;0;2381;86,005;0,414225918824557;27,5;-0,000431114411477333
"1866";"S2S_Risp_o_16_12";314;"o";"2018";"";"Risp";3,7;2018;NA;NA;0;2382;86,005;0,414225918824557;27,5;-0,000431114411477333
"1867";"S2S_Risp_o_16_12";314;"o";"2018";"";"Risp";3,7;2018;4,5;NA;1;2383;86,005;0,414225918824557;27,5;-0,000431114411477333
"1869";"S2S_Risp_o_16_12";314;"o";"2017";"";"Risp";999;2017;4,2;NA;1;2385;86,005;0,414225918824557;27,5;-0,000431114411477333
"1870";"S2S_Risp_o_16_12";314;"o";"2017";"";"Risp";999;2017;4,5;NA;1;2386;86,005;0,414225918824557;27,5;-0,000431114411477333
"1871";"S2S_Risp_o_16_12";314;"o";"2017";"";"Risp";999;2017;4,7;NA;1;2387;86,005;0,414225918824557;27,5;-0,000431114411477333
"1872";"S2S_Risp_o_16_12";314;"o";"2017";"";"Risp";999;2017;5,6;NA;1;2388;86,005;0,414225918824557;27,5;-0,000431114411477333
"1873";"S2S_Risp_o_16_12";314;"o";"2017";"";"Risp";999;2017;5,7;NA;1;2389;86,005;0,414225918824557;27,5;-0,000431114411477333
"1874";"S2S_Risp_o_16_12";314;"o";"2017";"";"Risp";999;2017;6;NA;1;2390;86,005;0,414225918824557;27,5;-0,000431114411477333
"1875";"S2S_Risp_o_16_12";314;"o";"2017";"";"Risp";999;2017;NA;NA;0;2391;86,005;0,414225918824557;27,5;-0,000431114411477333
"1876";"S2S_Risp_o_16_12";314;"o";"2017";"";"Risp";999;2017;NA;NA;0;2392;86,005;0,414225918824557;27,5;-0,000431114411477333
"1877";"S2S_Risp_o_16_12";314;"o";"2017";"";"Risp";999;2017;NA;NA;0;2393;86,005;0,414225918824557;27,5;-0,000431114411477333
"1878";"S2S_Risp_o_16_12";314;"o";"2017";"";"Risp";999;2017;NA;NA;0;2394;86,005;0,414225918824557;27,5;-0,000431114411477333
"1879";"S2S_Risp_o_16_12";314;"o";"2017";"";"Risp";999;2017;NA;NA;0;2395;86,005;0,414225918824557;27,5;-0,000431114411477333
"1880";"S2S_Risp_o_16_12";314;"o";"2017";"";"Risp";999;2017;NA;NA;0;2396;86,005;0,414225918824557;27,5;-0,000431114411477333
"1890";"S2S_Risp_o_16_14";314;"o";"2017";"";"Risp";999;2017;NA;NA;0;2406;81,83;-0,292392834455816;36,6666666666667;0,959456905612951
"1891";"S2S_Risp_o_16_14";314;"o";"2018";"";"Risp";3;2018;NA;NA;0;2407;81,83;-0,292392834455816;36,6666666666667;0,959456905612951
"1892";"S2S_Risp_o_16_14";314;"o";"2018";"";"Risp";4,2;2018;NA;NA;0;2408;81,83;-0,292392834455816;36,6666666666667;0,959456905612951
"1893";"S2S_Risp_o_16_15";314;"o";"2017";"";"Risp";999;2017;NA;NA;0;2409;72,73;-1,83256784160585;30,8333333333333;0,348619074688315
"1894";"S2S_Risp_o_16_15";314;"o";"2017";"";"Risp";999;2017;NA;NA;0;2410;72,73;-1,83256784160585;30,8333333333333;0,348619074688315
"1895";"S2S_Risp_o_16_15";314;"o";"2017";"";"Risp";999;2017;NA;NA;0;2411;72,73;-1,83256784160585;30,8333333333333;0,348619074688315
"1896";"S2S_Risp_o_16_15";314;"o";"2018";"";"Risp";999;2018;NA;NA;0;2412;72,73;-1,83256784160585;30,8333333333333;0,348619074688315
"1897";"S2S_Risp_o_16_17";314;"o";"2017";"";"Risp";999;2017;NA;NA;0;2413;82,86;-0,118065333646526;26,6666666666667;-0,0876936616864252
"1898";"S2S_Risp_o_16_17";314;"o";"2017";"";"Risp";999;2017;NA;NA;0;2414;82,86;-0,118065333646526;26,6666666666667;-0,0876936616864252
"1899";"S2S_Risp_o_16_17";314;"o";"2017";"";"Risp";999;2017;NA;NA;0;2415;82,86;-0,118065333646526;26,6666666666667;-0,0876936616864252
"1900";"S2S_Risp_o_16_17";314;"o";"2017";"";"Risp";999;2017;NA;NA;0;2416;82,86;-0,118065333646526;26,6666666666667;-0,0876936616864252
"1901";"S2S_Risp_o_16_17";314;"o";"2017";"";"Risp";999;2017;NA;NA;0;2417;82,86;-0,118065333646526;26,6666666666667;-0,0876936616864252
"1902";"S2S_Risp_o_16_17";314;"o";"2017";"";"Risp";999;2017;NA;NA;0;2418;82,86;-0,118065333646526;26,6666666666667;-0,0876936616864252
"1903";"S2S_Risp_o_16_17";314;"o";"2017";"";"Risp";999;2017;NA;NA;0;2419;82,86;-0,118065333646526;26,6666666666667;-0,0876936616864252
"1904";"S2S_Risp_o_16_18";314;"o";"2017";"";"Risp";999;2017;NA;NA;0;2420;80,83;-0,461642835241535;33,3333333333333;0,610406716513159
"1905";"S2S_Risp_o_16_18";314;"o";"2017";"";"Risp";999;2017;NA;NA;0;2421;80,83;-0,461642835241535;33,3333333333333;0,610406716513159
"1906";"S2S_Risp_o_16_18";314;"o";"2017";"";"Risp";999;2017;NA;NA;0;2422;80,83;-0,461642835241535;33,3333333333333;0,610406716513159
"1907";"S2S_Risp_o_16_18";314;"o";"2017";"";"Risp";999;2017;NA;NA;0;2423;80,83;-0,461642835241535;33,3333333333333;0,610406716513159
"1908";"S2S_Risp_o_16_18";314;"o";"2017";"";"Risp";999;2017;NA;NA;0;2424;80,83;-0,461642835241535;33,3333333333333;0,610406716513159
"1909";"S2S_Risp_o_16_18";314;"o";"2017";"";"Risp";999;2017;NA;NA;0;2425;80,83;-0,461642835241535;33,3333333333333;0,610406716513159
"1910";"S2S_Risp_o_16_18";314;"o";"2018";"";"Risp";2,5;2018;NA;NA;0;2426;80,83;-0,461642835241535;33,3333333333333;0,610406716513159
"1911";"S2S_Risp_o_16_18";314;"o";"2018";"";"Risp";3;2018;NA;NA;0;2427;80,83;-0,461642835241535;33,3333333333333;0,610406716513159
"1912";"S2S_Risp_o_16_18";314;"o";"2018";"";"Risp";3,5;2018;NA;NA;0;2428;80,83;-0,461642835241535;33,3333333333333;0,610406716513159
"1913";"S2S_Risp_o_16_18";314;"o";"2018";"";"Risp";3,5;2018;NA;NA;0;2429;80,83;-0,461642835241535;33,3333333333333;0,610406716513159
"1914";"S2S_Risp_o_16_18";314;"o";"2018";"";"Risp";4;2018;NA;NA;0;2430;80,83;-0,461642835241535;33,3333333333333;0,610406716513159
"1915";"S2S_Risp_o_16_18";314;"o";"2018";"";"Risp";4;2018;NA;NA;0;2431;80,83;-0,461642835241535;33,3333333333333;0,610406716513159
"1916";"S2S_Risp_o_16_18";314;"o";"2019";"";"Risp";2;2019;NA;NA;NA;2432;80,83;-0,461642835241535;33,3333333333333;0,610406716513159
"1917";"S2S_Risp_o_16_18";314;"o";"2019";"";"Risp";2;2019;NA;NA;NA;2433;80,83;-0,461642835241535;33,3333333333333;0,610406716513159
"1918";"S2S_Risp_o_16_18";314;"o";"2019";"";"Risp";1,5;2019;NA;NA;NA;2434;80,83;-0,461642835241535;33,3333333333333;0,610406716513159
"1919";"S2S_Risp_o_16_18";314;"o";"2019";"";"Risp";2;2019;NA;NA;NA;2435;80,83;-0,461642835241535;33,3333333333333;0,610406716513159
"1920";"S2S_Risp_o_16_18";314;"o";"2019";"";"Risp";3;2019;NA;NA;NA;2436;80,83;-0,461642835241535;33,3333333333333;0,610406716513159
"1921";"S2S_Risp_o_16_18";314;"o";"2019";"";"Risp";3;2019;NA;NA;NA;2437;80,83;-0,461642835241535;33,3333333333333;0,610406716513159
"1922";"S2S_Risp_o_16_18";314;"o";"2019";"";"Risp";2;2019;NA;NA;NA;2438;80,83;-0,461642835241535;33,3333333333333;0,610406716513159
"1923";"S2S_Risp_o_16_19";314;"o";"2017";"";"Risp";999;2017;5,5;NA;1;2439;87,75;0,709567170195636;21,6666666666667;-0,611268945336113
"1926";"S2S_Risp_o_16_19";314;"o";"2018";"";"Risp";4;2018;4;NA;1;2442;87,75;0,709567170195636;21,6666666666667;-0,611268945336113
"1928";"S2S_Risp_o_16_20";314;"o";"2018";"";"Risp";3,5;2018;5;NA;1;2444;86,065;0,424380918871701;45;1,83208237836243
"1929";"S2S_Risp_o_16_20";314;"o";"2018";"";"Risp";4,5;2018;NA;NA;0;2445;86,065;0,424380918871701;45;1,83208237836243
"1931";"S2S_Risp_o_16_20";314;"o";"2017";"";"Risp";999;2017;NA;NA;0;2447;86,065;0,424380918871701;45;1,83208237836243
"1932";"S2S_Risp_o_16_20";314;"o";"2017";"";"Risp";999;2017;NA;NA;0;2448;86,065;0,424380918871701;45;1,83208237836243
"1933";"S2S_Risp_o_16_20";314;"o";"2017";"";"Risp";999;2017;NA;NA;0;2449;86,065;0,424380918871701;45;1,83208237836243
"1934";"S2S_Risp_o_16_20";314;"o";"2017";"";"Risp";999;2017;NA;NA;0;2450;86,065;0,424380918871701;45;1,83208237836243
"1935";"S2S_Risp_o_17_01";314;"o";"2019";"";"Risp";3;2019;NA;NA;NA;2451;87,75;0,709567170195636;21,6666666666667;-0,611268945336113
"1936";"S2S_Risp_o_17_01";314;"o";"2019";"";"Risp";2,5;2019;NA;NA;NA;2452;87,75;0,709567170195636;21,6666666666667;-0,611268945336113
"1937";"S2S_Risp_o_17_02";314;"o";"2018";"";"Risp";2,7;2018;4;NA;1;2453;82,86;-0,118065333646526;26,6666666666667;-0,0876936616864252
"1938";"S2S_Risp_o_17_02";314;"o";"2018";"";"Risp";2,7;2018;7;NA;1;2454;82,86;-0,118065333646526;26,6666666666667;-0,0876936616864252
"1939";"S2S_Risp_o_17_02";314;"o";"2018";"";"Risp";3,3;2018;2;NA;1;2455;82,86;-0,118065333646526;26,6666666666667;-0,0876936616864252
"1940";"S2S_Risp_o_17_02";314;"o";"2018";"";"Risp";4,2;2018;NA;NA;0;2456;82,86;-0,118065333646526;26,6666666666667;-0,0876936616864252
"1944";"S2S_Risp_o_17_02";314;"o";"2019";"";"Risp";2;2019;NA;NA;NA;2460;82,86;-0,118065333646526;26,6666666666667;-0,0876936616864252
"1945";"S2S_Risp_o_17_03";314;"o";"2018";"";"Risp";4,5;2018;6;NA;1;2461;80,83;-0,461642835241535;33,3333333333333;0,610406716513159
"1946";"S2S_Risp_o_17_03";314;"o";"2018";"";"Risp";5,5;2018;6,5;NA;1;2462;80,83;-0,461642835241535;33,3333333333333;0,610406716513159
"1949";"S2S_Risp_o_17_04";314;"o";"2018";"";"Risp";999;2018;3;NA;1;2465;86,005;0,414225918824557;27,5;-0,000431114411477333
"1950";"S2S_Risp_o_17_04";314;"o";"2018";"";"Risp";999;2018;NA;NA;0;2466;86,005;0,414225918824557;27,5;-0,000431114411477333
"1951";"S2S_Risp_o_17_04";314;"o";"2018";"";"Risp";999;2018;NA;NA;0;2467;86,005;0,414225918824557;27,5;-0,000431114411477333
"1952";"S2S_Risp_o_17_04";314;"o";"2018";"";"Risp";999;2018;NA;NA;0;2468;86,005;0,414225918824557;27,5;-0,000431114411477333
"1954";"S2S_Risp_o_17_04";314;"o";"2019";"";"Risp";4;2019;NA;NA;NA;2470;86,005;0,414225918824557;27,5;-0,000431114411477333
"1955";"S2S_Risp_o_17_04";314;"o";"2019";"";"Risp";4;2019;NA;NA;NA;2471;86,005;0,414225918824557;27,5;-0,000431114411477333
"1956";"S2S_Risp_o_17_04";314;"o";"2019";"";"Risp";2;2019;NA;NA;NA;2472;86,005;0,414225918824557;27,5;-0,000431114411477333
"1957";"S2S_Risp_o_17_06";315;"o";"2018";"";"Risp";999;2018;NA;NA;0;2473;88,11;0,770497170478495;17,0833333333333;-1,09121295534833
"1958";"S2S_Risp_o_17_07";315;"o";"2019";"";"Rhca";4,5;2019;NA;NA;NA;2474;91,295;1,30955842298101;27,5;-0,000431114411477333
"1959";"S2S_Risp_o_17_07";315;"o";"2019";"";"Risp";1,5;2019;NA;NA;NA;2475;91,295;1,30955842298101;27,5;-0,000431114411477333
"1960";"S2S_Risp_o_17_08";315;"o";"2018";"";"Risp";1,5;2018;NA;NA;0;2476;84,98;0,240744668019195;24,1666666666667;-0,349481303511269
"1961";"S2S_Risp_o_17_08";315;"o";"2019";"";"Risp";4;2019;NA;NA;NA;2477;84,98;0,240744668019195;24,1666666666667;-0,349481303511269
"1962";"S2S_Risp_o_17_10";315;"o";"2019";"";"Prpa";5;2019;NA;NA;NA;2478;72,35;-1,89688284190443;23,3333333333333;-0,436743850786218
"1963";"S2S_Risp_o_17_10";315;"o";"2019";"";"Prpa";4,5;2019;NA;NA;NA;2479;72,35;-1,89688284190443;23,3333333333333;-0,436743850786218
"1964";"S2S_Risp_o_18_01";315;"o";"2019";"";"Risp";2,5;2019;NA;NA;NA;2480;84,98;0,240744668019195;24,1666666666667;-0,349481303511269
"1965";"S2S_Risp_o_18_06";315;"o";"2019";"";"Prpa";5;2019;NA;NA;NA;2481;75,975;-1,2833515890562;22,5;-0,524006398061165
"1966";"S2S_Risp_o_18_07";315;"o";"2019";"";"Risp";6;2019;NA;NA;NA;2482;88,11;0,770497170478495;17,0833333333333;-1,09121295534833
"1967";"S2S_Risp_o_18_10";315;"o";"2019";"";"Risp";999;2019;NA;NA;NA;2483;83,915;0,0604934171824053;25,8333333333333;-0,174956208961373
"1968";"S2S_Risp_o_18_17";314;"o";"2019";"";"Risp";3;2019;NA;NA;NA;2484;82,86;-0,118065333646526;26,6666666666667;-0,0876936616864252
"1969";"S2S_Sani_l_16_01";30;"l";"2017";"";"Sani";2;2017;NA;NA;0;2485;87,52;0,670639670014923;27,5;-0,000431114411477333
"1971";"S2S_Sani_l_17_02";30;"l";"2019";"";"Sani";999;2019;NA;NA;NA;2487;87,52;0,670639670014923;34,1666666666667;0,697669263788107
"1972";"S2S_Sani_l_17_03";30;"l";"2019";"";"Fral";7,6;2019;NA;NA;NA;2488;87,64;0,690949670109207;25,8333333333333;-0,174956208961373
"1973";"S2S_Sani_l_17_03";30;"l";"2019";"";"Prpa";5;2019;NA;NA;NA;2489;87,64;0,690949670109207;25,8333333333333;-0,174956208961373
"1974";"S2S_Sani_l_17_03";30;"l";"2019";"";"Rini";3;2019;NA;NA;NA;2490;87,64;0,690949670109207;25,8333333333333;-0,174956208961373
"1975";"S2S_Sani_l_17_08";112;"l";"2019";"";"Sani";6;2019;NA;NA;NA;2491;84,49;0,157812167634196;25,8333333333333;-0,174956208961373
"1976";"S2S_Sani_l_18_08";30;"l";"2019";"";"Prpa";5,2;2019;NA;NA;NA;2492;91,325;1,31463592300458;34,1666666666667;0,697669263788107
"1977";"S2S_Soau_l_16_07";30;"l";"2019";"";"Rini";3;2019;NA;NA;NA;2493;87,64;0,690949670109207;25,8333333333333;-0,174956208961373
"1978";"S2S_Soau_l_16_08";30;"l";"2017";"";"Soau";999;2017;NA;NA;0;2494;91,325;1,31463592300458;34,1666666666667;0,697669263788107
"1979";"S2S_Soau_l_16_09";30;"l";"2017";"";"Soau";999;2017;NA;NA;0;2495;94,5;1,85200467549923;15;-1,3093693235357
"1980";"S2S_Soau_l_16_17";112;"l";"2017";"";"Soau";999;2017;NA;NA;0;2496;78,6966666666667;-0,822709503584399;25,8333333333333;-0,174956208961373
"1981";"S2S_Soau_l_16_17";112;"l";"2017";"";"Soau";999;2017;NA;NA;0;2497;78,6966666666667;-0,822709503584399;25,8333333333333;-0,174956208961373
"1982";"S2S_Soau_l_16_20";112;"l";"2017";"";"Soau";999;2017;NA;NA;0;2498;82,665;-0,151069083799743;36,6666666666667;0,959456905612951
"1983";"S2S_Soau_l_17_01";30;"l";"2018";"";"Soau";5,5;2018;8;NA;1;2499;88,885;0,901665921087425;15;-1,3093693235357
"1985";"S2S_Soau_l_17_03";30;"l";"2018";"";"Rini";3;2019;NA;NA;NA;2501;87,64;0,690949670109207;25,8333333333333;-0,174956208961373
"1986";"S2S_Soau_l_17_03";30;"l";"2019";"";"Rini";3;2019;NA;NA;NA;2502;87,64;0,690949670109207;25,8333333333333;-0,174956208961373
"1987";"S2S_Soau_l_17_03";30;"l";"2019";"";"Soau";3,1;2019;NA;NA;NA;2503;87,64;0,690949670109207;25,8333333333333;-0,174956208961373
"1988";"S2S_Soau_l_17_03";30;"l";"2019";"";"Soau";3,5;2019;NA;NA;NA;2504;87,64;0,690949670109207;25,8333333333333;-0,174956208961373
"1989";"S2S_Soau_l_17_03";30;"l";"2019";"";"Soau";3,6;2019;NA;NA;NA;2505;87,64;0,690949670109207;25,8333333333333;-0,174956208961373
"1990";"S2S_Soau_l_17_03";30;"l";"2019";"";"Soau";3,7;2019;NA;NA;NA;2506;87,64;0,690949670109207;25,8333333333333;-0,174956208961373
"1991";"S2S_Soau_l_17_04";30;"l";"2018";"";"Soau";999;2018;NA;NA;0;2507;94,5;1,85200467549923;15;-1,3093693235357
"1992";"S2S_Soau_l_17_04";30;"l";"2019";"";"Soau";2,2;2019;NA;NA;NA;2508;94,5;1,85200467549923;15;-1,3093693235357
"1993";"S2S_Soau_l_17_04";30;"l";"2019";"";"Soau";2,5;2019;NA;NA;NA;2509;94,5;1,85200467549923;15;-1,3093693235357
"1994";"S2S_Soau_l_17_06";112;"l";"2018";"";"Soau";3,5;2018;NA;NA;0;2510;76,99;-1,11156283825869;33,3333333333333;0,610406716513159
"1995";"S2S_Soau_l_18_03";30;"l";"2019";"";"Fral";6,5;2019;NA;NA;NA;2511;85,435;0,317753418376699;13,6666666666667;-1,44898939917561
"1996";"S2S_Soau_l_18_04";30;"l";"2019";"";"Soau";6;2019;NA;NA;NA;2512;67,78;-2,67035534549516;25,8333333333333;-0,174956208961373
"1997";"S2S_Soau_l_18_04";30;"l";"2019";"";"Soau";4,5;2019;NA;NA;NA;2513;67,78;-2,67035534549516;25,8333333333333;-0,174956208961373
"1998";"S2S_Soau_l_18_04";30;"l";"2019";"";"Soau";5;2019;NA;NA;NA;2514;67,78;-2,67035534549516;25,8333333333333;-0,174956208961373
"1999";"S2S_Soau_l_18_04";30;"l";"2019";"";"Soau";5;2019;NA;NA;NA;2515;67,78;-2,67035534549516;25,8333333333333;-0,174956208961373
"2000";"S2S_Soau_l_18_04";30;"l";"2019";"";"Soau";4;2019;NA;NA;NA;2516;67,78;-2,67035534549516;25,8333333333333;-0,174956208961373
"2001";"S2S_Soau_l_18_04";30;"l";"2019";"";"Soau";3,5;2019;NA;NA;NA;2517;67,78;-2,67035534549516;25,8333333333333;-0,174956208961373
"2002";"S2S_Soau_l_18_04";30;"l";"2019";"";"Soau";3;2019;NA;NA;NA;2518;67,78;-2,67035534549516;25,8333333333333;-0,174956208961373
"2003";"S2S_Soau_l_18_04";30;"l";"2019";"";"Soau";4;2019;NA;NA;NA;2519;67,78;-2,67035534549516;25,8333333333333;-0,174956208961373
"2004";"S2S_Soau_l_18_04";30;"l";"2019";"";"Soau";2;2019;NA;NA;NA;2520;67,78;-2,67035534549516;25,8333333333333;-0,174956208961373
"2005";"S2S_Soau_l_18_07";30;"l";"2019";"";"Soau";4,5;2019;NA;NA;NA;2521;87,64;0,690949670109207;25,8333333333333;-0,174956208961373
"2006";"S2S_Soau_l_18_07";30;"l";"2019";"";"Soau";3,5;2019;NA;NA;NA;2522;87,64;0,690949670109207;25,8333333333333;-0,174956208961373
"2007";"S2S_Soau_l_18_08";30;"l";"2019";"";"Soau";3,6;2019;NA;NA;NA;2523;91,325;1,31463592300458;34,1666666666667;0,697669263788107
"2008";"S2S_Soau_l_18_09";30;"l";"2019";"";"Soau";2,5;2019;NA;NA;NA;2524;94,5;1,85200467549923;15;-1,3093693235357
"2009";"S2S_Soau_l_18_11";112;"l";"2019";"";"Soau";2;2019;NA;NA;NA;2525;84,49;0,157812167634196;25,8333333333333;-0,174956208961373
"2010";"S2S_Soau_l_18_11";112;"l";"2019";"";"Soau";4;2019;NA;NA;NA;2526;84,49;0,157812167634196;25,8333333333333;-0,174956208961373
"2011";"S2S_Soau_l_18_12";112;"l";"2019";"";"Soau";3;2019;NA;NA;NA;2527;87,5833333333333;0,681358836731349;25;-0,262218756236321
"2012";"S2S_Soau_l_18_12";112;"l";"2019";"";"Soau";3,5;2019;NA;NA;NA;2528;87,5833333333333;0,681358836731349;25;-0,262218756236321
"2013";"S2S_Soau_l_18_12";112;"l";"2019";"";"Soau";3;2019;NA;NA;NA;2529;87,5833333333333;0,681358836731349;25;-0,262218756236321
"2014";"S2S_Soau_l_18_15";112;"l";"2019";"";"Soau";3,5;2019;NA;NA;NA;2530;76,99;-1,11156283825869;33,3333333333333;0,610406716513159
"2015";"S2S_Soau_l_18_17";112;"l";"2019";"";"Soau";4;2019;NA;NA;NA;2531;78,6966666666667;-0,822709503584399;25,8333333333333;-0,174956208961373
"2016";"S2S_Soau_l_18_17";112;"l";"2019";"";"Soau";3;2019;NA;NA;NA;2532;78,6966666666667;-0,822709503584399;25,8333333333333;-0,174956208961373
"2017";"S2S_Soau_l_18_17";112;"l";"2019";"";"Soau";3;2019;NA;NA;NA;2533;78,6966666666667;-0,822709503584399;25,8333333333333;-0,174956208961373
"2018";"S2S_Soau_l_18_20";112;"l";"2019";"";"Soau";3;2019;NA;NA;NA;2534;82,665;-0,151069083799743;36,6666666666667;0,959456905612951
"2019";"S2S_Soau_o_16_01";315;"o";"2017";"";"Soau";999;2017;NA;NA;0;2535;84,98;0,240744668019195;24,1666666666667;-0,349481303511269
"2020";"S2S_Soau_o_16_01";315;"o";"2017";"";"Soau";999;2017;NA;NA;0;2536;84,98;0,240744668019195;24,1666666666667;-0,349481303511269
"2021";"S2S_Soau_o_16_01";315;"o";"2017";"";"Soau";999;2017;NA;NA;0;2537;84,98;0,240744668019195;24,1666666666667;-0,349481303511269
"2022";"S2S_Soau_o_16_01";315;"o";"2017";"";"Soau";999;2017;NA;NA;0;2538;84,98;0,240744668019195;24,1666666666667;-0,349481303511269
"2023";"S2S_Soau_o_16_02";315;"o";"2017";"";"Soau";999;2017;NA;NA;1;2539;83,82;0,0444146671077623;30,8333333333333;0,348619074688315
"2024";"S2S_Soau_o_16_02";315;"o";"2017";"";"Soau";999;2017;NA;NA;0;2540;83,82;0,0444146671077623;30,8333333333333;0,348619074688315
"2025";"S2S_Soau_o_16_02";315;"o";"2017";"";"Soau";999;2017;NA;NA;0;2541;83,82;0,0444146671077623;30,8333333333333;0,348619074688315
"2026";"S2S_Soau_o_16_02";315;"o";"2017";"";"Soau";999;2017;NA;NA;0;2542;83,82;0,0444146671077623;30,8333333333333;0,348619074688315
"2029";"S2S_Soau_o_16_03";315;"o";"2017";"";"Soau";3,5;2017;9,5;NA;1;2545;84,85;0,218742167917052;12,5;-1,57115696536054
"2030";"S2S_Soau_o_16_03";315;"o";"2017";"";"Soau";999;2017;NA;NA;0;2546;84,85;0,218742167917052;12,5;-1,57115696536054
"2033";"S2S_Soau_o_16_04";315;"o";"2017";"";"Soau";999;2017;NA;NA;0;2549;81,21;-0,39732783494296;30;0,261356527413367
"2034";"S2S_Soau_o_16_04";315;"o";"2017";"";"Soau";999;2017;NA;NA;0;2550;81,21;-0,39732783494296;30;0,261356527413367
"2035";"S2S_Soau_o_16_05";315;"o";"2017";"";"Soau";3,5;2017;NA;NA;1;2551;72,35;-1,89688284190443;23,3333333333333;-0,436743850786218
"2037";"S2S_Soau_o_16_07";315;"o";"2019";"";"Prpa";8;2019;NA;NA;NA;2553;88,11;0,770497170478495;17,0833333333333;-1,09121295534833
"2038";"S2S_Soau_o_16_10";315;"o";"2017";"";"Soau";5;2017;NA;NA;1;2554;83,915;0,0604934171824053;25,8333333333333;-0,174956208961373
"2039";"S2S_Soau_o_16_10";315;"o";"2017";"";"Soau";5,5;2017;NA;NA;1;2555;83,915;0,0604934171824053;25,8333333333333;-0,174956208961373
"2040";"S2S_Soau_o_16_10";315;"o";"2017";"";"Soau";5,5;2017;NA;NA;0;2556;83,915;0,0604934171824053;25,8333333333333;-0,174956208961373
"2041";"S2S_Soau_o_16_10";315;"o";"2017";"";"Soau";999;2017;NA;NA;0;2557;83,915;0,0604934171824053;25,8333333333333;-0,174956208961373
"2042";"S2S_Soau_o_16_10";315;"o";"2017";"";"Soau";999;2017;NA;NA;0;2558;83,915;0,0604934171824053;25,8333333333333;-0,174956208961373
"2043";"S2S_Soau_o_16_10";315;"o";"2017";"";"Soau";999;2017;NA;NA;0;2559;83,915;0,0604934171824053;25,8333333333333;-0,174956208961373
"2044";"S2S_Soau_o_16_10";315;"o";"2017";"";"Soau";999;2017;NA;NA;1;2560;83,915;0,0604934171824053;25,8333333333333;-0,174956208961373
"2049";"S2S_Soau_o_16_12";314;"o";"2017";"";"Soau";999;2017;NA;NA;0;2565;86,005;0,414225918824557;27,5;-0,000431114411477333
"2050";"S2S_Soau_o_16_12";314;"o";"2017";"";"Soau";999;2017;NA;NA;0;2566;86,005;0,414225918824557;27,5;-0,000431114411477333
"2051";"S2S_Soau_o_16_12";314;"o";"2017";"";"Soau";999;2017;NA;NA;0;2567;86,005;0,414225918824557;27,5;-0,000431114411477333
"2052";"S2S_Soau_o_16_14";314;"o";"2017";"";"Soau";2,5;2017;NA;NA;0;2568;81,83;-0,292392834455816;36,6666666666667;0,959456905612951
"2056";"S2S_Soau_o_16_17";314;"o";"2019";"";"Rini";2;2019;NA;NA;NA;2572;82,86;-0,118065333646526;26,6666666666667;-0,0876936616864252
"2057";"S2S_Soau_o_16_17";314;"o";"2017";"";"Soau";999;2017;NA;NA;1;2573;82,86;-0,118065333646526;26,6666666666667;-0,0876936616864252
"2058";"S2S_Soau_o_16_17";314;"o";"2017";"";"Soau";999;2017;NA;NA;1;2574;82,86;-0,118065333646526;26,6666666666667;-0,0876936616864252
"2059";"S2S_Soau_o_16_17";314;"o";"2017";"";"Soau";999;2017;NA;NA;1;2575;82,86;-0,118065333646526;26,6666666666667;-0,0876936616864252
"2060";"S2S_Soau_o_16_17";314;"o";"2017";"";"Soau";999;2017;NA;NA;1;2576;82,86;-0,118065333646526;26,6666666666667;-0,0876936616864252
"2061";"S2S_Soau_o_16_17";314;"o";"2017";"";"Soau";999;2017;NA;NA;1;2577;82,86;-0,118065333646526;26,6666666666667;-0,0876936616864252
"2062";"S2S_Soau_o_16_17";314;"o";"2017";"";"Soau";999;2017;NA;NA;1;2578;82,86;-0,118065333646526;26,6666666666667;-0,0876936616864252
"2063";"S2S_Soau_o_16_17";314;"o";"2017";"";"Soau";999;2017;NA;NA;1;2579;82,86;-0,118065333646526;26,6666666666667;-0,0876936616864252
"2064";"S2S_Soau_o_16_17";314;"o";"2017";"";"Soau";999;2017;NA;NA;1;2580;82,86;-0,118065333646526;26,6666666666667;-0,0876936616864252
"2065";"S2S_Soau_o_16_17";314;"o";"2017";"";"Soau";999;2017;NA;NA;1;2581;82,86;-0,118065333646526;26,6666666666667;-0,0876936616864252
"2066";"S2S_Soau_o_16_17";314;"o";"2017";"";"Soau";999;2017;NA;NA;1;2582;82,86;-0,118065333646526;26,6666666666667;-0,0876936616864252
"2087";"S2S_Soau_o_16_19";314;"o";"2017";"";"Soau";999;2017;4;NA;1;2603;87,75;0,709567170195636;21,6666666666667;-0,611268945336113
"2088";"S2S_Soau_o_16_19";314;"o";"2017";"";"Soau";999;2017;NA;NA;0;2604;87,75;0,709567170195636;21,6666666666667;-0,611268945336113
"2089";"S2S_Soau_o_16_19";314;"o";"2017";"";"Soau";999;2017;NA;NA;0;2605;87,75;0,709567170195636;21,6666666666667;-0,611268945336113
"2090";"S2S_Soau_o_16_19";314;"o";"2017";"";"Soau";999;2017;NA;NA;0;2606;87,75;0,709567170195636;21,6666666666667;-0,611268945336113
"2093";"S2S_Soau_o_16_20";314;"o";"2017";"";"Soau";999;2017;NA;NA;0;2609;86,065;0,424380918871701;45;1,83208237836243
"2094";"S2S_Soau_o_16_20";314;"o";"2017";"";"Soau";999;2017;NA;NA;0;2610;86,065;0,424380918871701;45;1,83208237836243
"2095";"S2S_Soau_o_17_01";314;"o";"2019";"";"Soau";3;2019;NA;NA;NA;2611;87,75;0,709567170195636;21,6666666666667;-0,611268945336113
"2096";"S2S_Soau_o_17_02";314;"o";"2018";"";"Soau";999;2018;NA;NA;0;2612;82,86;-0,118065333646526;26,6666666666667;-0,0876936616864252
"2097";"S2S_Soau_o_17_02";314;"o";"2018";"";"Soau";3,5;2019;NA;NA;NA;2613;82,86;-0,118065333646526;26,6666666666667;-0,0876936616864252
"2098";"S2S_Soau_o_17_06";315;"o";"2019";"";"Prpa";8,5;2019;NA;NA;NA;2614;88,11;0,770497170478495;17,0833333333333;-1,09121295534833
"2099";"S2S_Soau_o_17_06";315;"o";"2018";"";"Soau";2;2018;NA;NA;0;2615;88,11;0,770497170478495;17,0833333333333;-1,09121295534833
"2100";"S2S_Soau_o_17_06";315;"o";"2018";"";"Soau";3;2018;NA;NA;0;2616;88,11;0,770497170478495;17,0833333333333;-1,09121295534833
"2101";"S2S_Soau_o_17_09";315;"o";"2019";"";"Rini";1,5;2019;NA;NA;NA;2617;84,85;0,218742167917052;12,5;-1,57115696536054
"2102";"S2S_Soau_o_17_09";315;"o";"2018";"";"Soau";2,5;2018;NA;NA;0;2618;84,85;0,218742167917052;12,5;-1,57115696536054
"2103";"S2S_Soau_o_18_01";315;"o";"2019";"";"Risp";3;2019;NA;NA;NA;2619;84,98;0,240744668019195;24,1666666666667;-0,349481303511269
"2104";"S2S_Soau_o_18_01";315;"o";"2019";"";"Risp";4,5;2019;NA;NA;NA;2620;84,98;0,240744668019195;24,1666666666667;-0,349481303511269
"2105";"S2S_Soau_o_18_04";315;"o";"2019";"";"Soau";3;2019;NA;NA;NA;2621;81,21;-0,39732783494296;30;0,261356527413367
"2106";"S2S_Soau_o_18_04";315;"o";"2019";"";"Soau";3;2019;NA;NA;NA;2622;81,21;-0,39732783494296;30;0,261356527413367
"2107";"S2S_Soau_o_18_04";315;"o";"2019";"";"Soau";3;2019;NA;NA;NA;2623;81,21;-0,39732783494296;30;0,261356527413367
"2108";"S2S_Soau_o_18_07";315;"o";"2019";"";"Prpa";10;2019;NA;NA;NA;2624;88,11;0,770497170478495;17,0833333333333;-1,09121295534833
"2109";"S2S_Soau_o_18_07";315;"o";"2019";"";"Soau";3;2019;NA;NA;NA;2625;88,11;0,770497170478495;17,0833333333333;-1,09121295534833
"2110";"S2S_Soau_o_18_09";315;"o";"2019";"";"Soau";4,5;2019;NA;NA;NA;2626;91,295;1,30955842298101;27,5;-0,000431114411477333
"2111";"S2S_Soau_o_18_13";314;"o";"2019";"";"Soau";3;2019;NA;NA;NA;2627;82,015;-0,261081584310458;36,6666666666667;0,959456905612951
"2112";"S2S_Soau_o_18_13";314;"o";"2019";"";"Soau";4,5;2019;NA;NA;NA;2628;82,015;-0,261081584310458;36,6666666666667;0,959456905612951
"2113";"S2S_Soau_o_18_13";314;"o";"2019";"";"Soau";4;2019;NA;NA;NA;2629;82,015;-0,261081584310458;36,6666666666667;0,959456905612951
"2114";"S2S_Soau_o_18_14";314;"o";"2019";"";"Soau";3;2019;NA;NA;NA;2630;81,83;-0,292392834455816;36,6666666666667;0,959456905612951
"2115";"S2S_Soau_o_18_17";314;"o";"2019";"";"Soau";4,5;2019;NA;NA;NA;2631;82,86;-0,118065333646526;26,6666666666667;-0,0876936616864252
"2116";"S2S_Soau_o_18_18";314;"o";"2019";"";"Soau";5,5;2019;NA;NA;NA;2632;80,83;-0,461642835241535;33,3333333333333;0,610406716513159
"2117";"S2S_Viop_l_16_01";30;"l";"2018";"";"Viop";5;2018;NA;NA;0;2633;87,52;0,670639670014923;27,5;-0,000431114411477333
"2118";"S2S_Viop_l_16_02";30;"l";"2018";"";"Viop";999;2018;NA;NA;0;2634;83,395;-0,0275165832261651;17,5;-1,04758168171085
"2119";"S2S_Viop_l_16_02";30;"l";"2018";"";"Viop";999;2018;NA;NA;0;2635;83,395;-0,0275165832261651;17,5;-1,04758168171085
"2120";"S2S_Viop_l_16_02";30;"l";"2018";"";"Viop";999;2018;NA;NA;0;2636;83,395;-0,0275165832261651;17,5;-1,04758168171085
"2121";"S2S_Viop_l_16_02";30;"l";"2018";"";"Viop";999;2018;NA;NA;0;2637;83,395;-0,0275165832261651;17,5;-1,04758168171085
"2122";"S2S_Viop_l_16_02";30;"l";"2018";"";"Viop";999;2018;NA;NA;0;2638;83,395;-0,0275165832261651;17,5;-1,04758168171085
"2123";"S2S_Viop_l_16_02";30;"l";"2018";"";"Viop";999;2018;NA;NA;0;2639;83,395;-0,0275165832261651;17,5;-1,04758168171085
"2124";"S2S_Viop_l_16_02";30;"l";"2018";"";"Viop";999;2018;NA;NA;0;2640;83,395;-0,0275165832261651;17,5;-1,04758168171085
"2125";"S2S_Viop_l_16_02";30;"l";"2018";"";"Viop";999;2018;NA;NA;0;2641;83,395;-0,0275165832261651;17,5;-1,04758168171085
"2126";"S2S_Viop_l_16_05";30;"l";"2018";"";"Viop";999;2018;NA;NA;0;2642;92,25;1,47119217373137;12,5;-1,57115696536054
"2127";"S2S_Viop_l_16_05";30;"l";"2018";"";"Viop";999;2018;NA;NA;0;2643;92,25;1,47119217373137;12,5;-1,57115696536054
"2128";"S2S_Viop_l_16_05";30;"l";"2018";"";"Viop";999;2018;NA;NA;0;2644;92,25;1,47119217373137;12,5;-1,57115696536054
"2129";"S2S_Viop_l_16_05";30;"l";"2018";"";"Viop";999;2018;NA;NA;0;2645;92,25;1,47119217373137;12,5;-1,57115696536054
"2130";"S2S_Viop_l_16_05";30;"l";"2018";"";"Viop";999;2018;NA;NA;0;2646;92,25;1,47119217373137;12,5;-1,57115696536054
"2131";"S2S_Viop_l_16_05";30;"l";"2018";"";"Viop";999;2018;NA;NA;0;2647;92,25;1,47119217373137;12,5;-1,57115696536054
"2132";"S2S_Viop_l_16_05";30;"l";"2018";"";"Viop";999;2018;NA;NA;0;2648;92,25;1,47119217373137;12,5;-1,57115696536054
"2133";"S2S_Viop_l_16_05";30;"l";"2018";"";"Viop";999;2018;NA;NA;0;2649;92,25;1,47119217373137;12,5;-1,57115696536054
"2134";"S2S_Viop_l_16_05";30;"l";"2018";"";"Viop";999;2018;NA;NA;0;2650;92,25;1,47119217373137;12,5;-1,57115696536054
"2135";"S2S_Viop_l_16_05";30;"l";"2018";"";"Viop";999;2018;NA;NA;0;2651;92,25;1,47119217373137;12,5;-1,57115696536054
"2136";"S2S_Viop_l_16_05";30;"l";"2018";"";"Viop";999;2018;NA;NA;0;2652;92,25;1,47119217373137;12,5;-1,57115696536054
"2137";"S2S_Viop_l_16_06";30;"l";"2018";"";"Viop";4;2018;NA;NA;0;2653;92,175;1,45849842367244;16,6666666666667;-1,1348442289858
"2138";"S2S_Viop_l_16_06";30;"l";"2018";"";"Viop";5;2018;NA;NA;0;2654;92,175;1,45849842367244;16,6666666666667;-1,1348442289858
"2139";"S2S_Viop_l_16_07";30;"l";"2019";"";"Viop";4,5;2019;NA;NA;NA;2655;84,02;0,0782646672649064;25,8333333333333;-0,174956208961373
"2140";"S2S_Viop_l_16_09";30;"l";"2018";"";"Viop";4,5;2018;NA;NA;0;2656;94,5;1,85200467549923;15;-1,3093693235357
"2141";"S2S_Viop_l_16_10";30;"l";"2018";"";"Viop";5,5;2018;8;NA;1;2657;88,885;0,901665921087425;15;-1,3093693235357
"2143";"S2S_Viop_l_16_11";112;"l";"2018";"";"Viop";4,5;2018;NA;NA;0;2659;84,49;0,157812167634196;25,8333333333333;-0,174956208961373
"2144";"S2S_Viop_l_16_11";112;"l";"2018";"";"Viop";5;2018;7,5;NA;1;2660;84,49;0,157812167634196;25,8333333333333;-0,174956208961373
"2145";"S2S_Viop_l_16_11";112;"l";"2018";"";"Viop";5,5;2018;NA;NA;0;2661;84,49;0,157812167634196;25,8333333333333;-0,174956208961373
"2146";"S2S_Viop_l_16_11";112;"l";"2018";"";"Viop";6;2018;NA;NA;0;2662;84,49;0,157812167634196;25,8333333333333;-0,174956208961373
"2147";"S2S_Viop_l_16_11";112;"l";"2018";"";"Viop";6;2018;7;NA;1;2663;84,49;0,157812167634196;25,8333333333333;-0,174956208961373
"2148";"S2S_Viop_l_16_11";112;"l";"2018";"";"Viop";7,5;2018;NA;NA;0;2664;84,49;0,157812167634196;25,8333333333333;-0,174956208961373
"2151";"S2S_Viop_l_16_13";112;"l";"2019";"";"Viop";4,7;2019;NA;NA;NA;2667;86,16;0,440459668946344;34,1666666666667;0,697669263788107
"2152";"S2S_Viop_l_16_14";112;"l";"2018";"";"Viop";999;2018;NA;NA;0;2668;86,38;0,477694669119201;40;1,30850709471274
"2153";"S2S_Viop_l_16_14";112;"l";"2018";"";"Viop";999;2018;NA;NA;0;2669;86,38;0,477694669119201;40;1,30850709471274
"2154";"S2S_Viop_l_16_15";112;"l";"2019";"";"Viop";11;2019;NA;NA;NA;2670;79,335;-0,714671586416184;33,3333333333333;0,610406716513159
"2155";"S2S_Viop_l_16_15";112;"l";"2019";"";"Viop";6;2019;NA;NA;NA;2671;79,335;-0,714671586416184;33,3333333333333;0,610406716513159
"2156";"S2S_Viop_l_16_15";112;"l";"2019";"";"Viop";3;2019;NA;NA;NA;2672;79,335;-0,714671586416184;33,3333333333333;0,610406716513159
"2157";"S2S_Viop_l_16_15";112;"l";"2019";"";"Viop";9;2019;NA;NA;NA;2673;79,335;-0,714671586416184;33,3333333333333;0,610406716513159
"2158";"S2S_Viop_l_16_15";112;"l";"2019";"";"Viop";11;2019;NA;NA;NA;2674;79,335;-0,714671586416184;33,3333333333333;0,610406716513159
"2159";"S2S_Viop_l_16_15";112;"l";"2019";"";"Viop";10;2019;NA;NA;NA;2675;79,335;-0,714671586416184;33,3333333333333;0,610406716513159
"2160";"S2S_Viop_l_16_15";112;"l";"2019";"";"Viop";7;2019;NA;NA;NA;2676;79,335;-0,714671586416184;33,3333333333333;0,610406716513159
"2161";"S2S_Viop_l_16_15";112;"l";"2019";"";"Viop";3;2019;NA;NA;NA;2677;79,335;-0,714671586416184;33,3333333333333;0,610406716513159
"2162";"S2S_Viop_l_16_15";112;"l";"2019";"";"Viop";13;2019;NA;NA;NA;2678;79,335;-0,714671586416184;33,3333333333333;0,610406716513159
"2163";"S2S_Viop_l_16_15";112;"l";"2019";"";"Viop";11;2019;NA;NA;NA;2679;79,335;-0,714671586416184;33,3333333333333;0,610406716513159
"2164";"S2S_Viop_l_16_15";112;"l";"2019";"";"Viop";7;2019;NA;NA;NA;2680;79,335;-0,714671586416184;33,3333333333333;0,610406716513159
"2165";"S2S_Viop_l_16_17";112;"l";"2018";"";"Viop";999;2018;9;NA;1;2681;78,6966666666667;-0,822709503584399;25,8333333333333;-0,174956208961373
"2167";"S2S_Viop_l_16_17";112;"l";"2019";"";"Viop";11;2019;NA;NA;NA;2683;78,6966666666667;-0,822709503584399;25,8333333333333;-0,174956208961373
"2168";"S2S_Viop_l_16_17";112;"l";"2019";"";"Viop";4,5;2019;NA;NA;NA;2684;78,6966666666667;-0,822709503584399;25,8333333333333;-0,174956208961373
"2169";"S2S_Viop_l_16_17";112;"l";"2019";"";"Viop";10;2019;NA;NA;NA;2685;78,6966666666667;-0,822709503584399;25,8333333333333;-0,174956208961373
"2170";"S2S_Viop_l_16_17";112;"l";"2019";"";"Viop";7;2019;NA;NA;NA;2686;78,6966666666667;-0,822709503584399;25,8333333333333;-0,174956208961373
"2171";"S2S_Viop_l_16_17";112;"l";"2019";"";"Viop";6,5;2019;NA;NA;NA;2687;78,6966666666667;-0,822709503584399;25,8333333333333;-0,174956208961373
"2172";"S2S_Viop_l_16_17";112;"l";"2019";"";"Viop";9;2019;NA;NA;NA;2688;78,6966666666667;-0,822709503584399;25,8333333333333;-0,174956208961373
"2173";"S2S_Viop_l_16_17";112;"l";"2019";"";"Viop";5;2019;NA;NA;NA;2689;78,6966666666667;-0,822709503584399;25,8333333333333;-0,174956208961373
"2174";"S2S_Viop_l_16_17";112;"l";"2019";"";"Viop";9;2019;NA;NA;NA;2690;78,6966666666667;-0,822709503584399;25,8333333333333;-0,174956208961373
"2175";"S2S_Viop_l_16_18";112;"l";"2019";"";"Viop";3;2019;NA;NA;NA;2691;83,275;-0,0478265833204521;38,3333333333333;1,13398200016285
"2176";"S2S_Viop_l_17_01";30;"l";"2019";"";"Viop";4;2019;NA;NA;NA;2692;88,885;0,901665921087425;15;-1,3093693235357
"2177";"S2S_Viop_l_17_01";30;"l";"2019";"";"Viop";4,3;2019;NA;NA;NA;2693;88,885;0,901665921087425;15;-1,3093693235357
"2178";"S2S_Viop_l_17_02";30;"l";"2019";"";"Viop";6;2019;NA;NA;NA;2694;87,52;0,670639670014923;34,1666666666667;0,697669263788107
"2179";"S2S_Viop_l_17_02";30;"l";"2019";"";"Viop";6,5;2019;NA;NA;NA;2695;87,52;0,670639670014923;34,1666666666667;0,697669263788107
"2180";"S2S_Viop_l_17_02";30;"l";"2019";"";"Viop";5;2019;NA;NA;NA;2696;87,52;0,670639670014923;34,1666666666667;0,697669263788107
"2181";"S2S_Viop_l_17_02";30;"l";"2019";"";"Viop";6;2019;NA;NA;NA;2697;87,52;0,670639670014923;34,1666666666667;0,697669263788107
"2182";"S2S_Viop_l_17_05";30;"l";"2019";"";"Viop";5;2019;NA;NA;NA;2698;92,25;1,47119217373137;12,5;-1,57115696536054
"2183";"S2S_Viop_l_17_05";30;"l";"2019";"";"Viop";6;2019;NA;NA;NA;2699;92,25;1,47119217373137;12,5;-1,57115696536054
"2184";"S2S_Viop_l_17_05";30;"l";"2019";"";"Viop";6;2019;NA;NA;NA;2700;92,25;1,47119217373137;12,5;-1,57115696536054
"2185";"S2S_Viop_l_17_05";30;"l";"2019";"";"Viop";6,5;2019;NA;NA;NA;2701;92,25;1,47119217373137;12,5;-1,57115696536054
"2186";"S2S_Viop_l_17_05";30;"l";"2019";"";"Viop";6,5;2019;NA;NA;NA;2702;92,25;1,47119217373137;12,5;-1,57115696536054
"2187";"S2S_Viop_l_18_14";112;"l";"2019";"";"Rhca";4;2019;NA;NA;NA;2703;79,335;-0,714671586416184;40;1,30850709471274
"2188";"S2S_Viop_o_16_01";315;"o";"2019";"";"Rini";3,5;2019;NA;NA;NA;2704;84,98;0,240744668019195;24,1666666666667;-0,349481303511269
"2189";"S2S_Viop_o_16_01";315;"o";"2019";"";"Viop";4;2019;NA;NA;NA;2705;84,98;0,240744668019195;24,1666666666667;-0,349481303511269
"2190";"S2S_Viop_o_16_03";315;"o";"2018";"";"Viop";999;2018;4;NA;1;2706;84,85;0,218742167917052;12,5;-1,57115696536054
"2191";"S2S_Viop_o_16_03";315;"o";"2018";"";"Viop";999;2018;6;NA;1;2707;84,85;0,218742167917052;12,5;-1,57115696536054
"2192";"S2S_Viop_o_16_03";315;"o";"2018";"";"Viop";999;2018;5,5;NA;1;2708;84,85;0,218742167917052;12,5;-1,57115696536054
"2193";"S2S_Viop_o_16_03";315;"o";"2018";"";"Viop";999;2018;8,5;NA;1;2709;84,85;0,218742167917052;12,5;-1,57115696536054
"2198";"S2S_Viop_o_16_03";315;"o";"2019";"";"Viop";5,5;2019;NA;NA;NA;2714;84,85;0,218742167917052;12,5;-1,57115696536054
"2199";"S2S_Viop_o_16_03";315;"o";"2019";"";"Viop";5,5;2019;NA;NA;NA;2715;84,85;0,218742167917052;12,5;-1,57115696536054
"2200";"S2S_Viop_o_16_06";315;"o";"2019";"";"Prpa";5;2019;NA;NA;NA;2716;75,975;-1,2833515890562;22,5;-0,524006398061165
"2201";"S2S_Viop_o_16_06";315;"o";"2018";"";"Viop";999;2018;NA;NA;0;2717;75,975;-1,2833515890562;22,5;-0,524006398061165
"2202";"S2S_Viop_o_16_06";315;"o";"2018";"";"Viop";999;2018;6,5;NA;1;2718;75,975;-1,2833515890562;22,5;-0,524006398061165
"2203";"S2S_Viop_o_16_06";315;"o";"2018";"";"Viop";999;2018;9;NA;1;2719;75,975;-1,2833515890562;22,5;-0,524006398061165
"2204";"S2S_Viop_o_16_06";315;"o";"2018";"";"Viop";999;2018;11;NA;1;2720;75,975;-1,2833515890562;22,5;-0,524006398061165
"2205";"S2S_Viop_o_16_06";315;"o";"2018";"";"Viop";999;2018;5;NA;1;2721;75,975;-1,2833515890562;22,5;-0,524006398061165
"2210";"S2S_Viop_o_16_08";315;"o";"2018";"";"Viop";3,5;2018;8;NA;1;2726;79,55;-0,678282836247252;46,6666666666667;2,00660747291233
"2211";"S2S_Viop_o_16_08";315;"o";"2018";"";"Viop";3,5;2018;10;NA;1;2727;79,55;-0,678282836247252;46,6666666666667;2,00660747291233
"2212";"S2S_Viop_o_16_08";315;"o";"2018";"";"Viop";5;2018;NA;NA;0;2728;79,55;-0,678282836247252;46,6666666666667;2,00660747291233
"2213";"S2S_Viop_o_16_08";315;"o";"2018";"";"Viop";6;2018;4;NA;1;2729;79,55;-0,678282836247252;46,6666666666667;2,00660747291233
"2217";"S2S_Viop_o_16_08";315;"o";"2018";"";"Viop";4;2019;NA;NA;NA;2733;79,55;-0,678282836247252;46,6666666666667;2,00660747291233
"2218";"S2S_Viop_o_16_09";315;"o";"2018";"";"Viop";999;2018;NA;NA;0;2734;91,295;1,30955842298101;27,5;-0,000431114411477333
"2219";"S2S_Viop_o_16_11";314;"o";"2018";"";"Viop";999;2018;NA;NA;0;2735;86,71;0,533547169378491;40;1,30850709471274
"2220";"S2S_Viop_o_16_14";314;"o";"2018";"";"Viop";7,6;2018;NA;NA;0;2736;81,83;-0,292392834455816;36,6666666666667;0,959456905612951
"2221";"S2S_Viop_o_16_14";314;"o";"2018";"";"Viop";8,6;2018;NA;NA;0;2737;81,83;-0,292392834455816;36,6666666666667;0,959456905612951
"2222";"S2S_Viop_o_16_14";314;"o";"2018";"";"Viop";11;2018;NA;NA;0;2738;81,83;-0,292392834455816;36,6666666666667;0,959456905612951
"2223";"S2S_Viop_o_16_15";314;"o";"2018";"";"Viop";999;2018;12;NA;1;2739;72,73;-1,83256784160585;30,8333333333333;0,348619074688315
"2224";"S2S_Viop_o_16_15";314;"o";"2018";"";"Viop";999;2018;9;NA;1;2740;72,73;-1,83256784160585;30,8333333333333;0,348619074688315
"2225";"S2S_Viop_o_16_15";314;"o";"2018";"";"Viop";999;2018;18;NA;1;2741;72,73;-1,83256784160585;30,8333333333333;0,348619074688315
"2226";"S2S_Viop_o_16_15";314;"o";"2018";"";"Viop";999;2018;7,7;NA;1;2742;72,73;-1,83256784160585;30,8333333333333;0,348619074688315
"2227";"S2S_Viop_o_16_15";314;"o";"2018";"";"Viop";999;2018;NA;NA;0;2743;72,73;-1,83256784160585;30,8333333333333;0,348619074688315
"2232";"S2S_Viop_o_16_15";314;"o";"2019";"";"Viop";5;2019;NA;NA;NA;2748;72,73;-1,83256784160585;30,8333333333333;0,348619074688315
"2233";"S2S_Viop_o_16_16";314;"o";"2019";"";"Viop";7;2019;NA;NA;NA;2749;82,16;-0,23654033419653;37,5;1,0467194528879
"2234";"S2S_Viop_o_16_17";314;"o";"2018";"";"Viop";999;2018;9;NA;1;2750;82,86;-0,118065333646526;26,6666666666667;-0,0876936616864252
"2235";"S2S_Viop_o_16_17";314;"o";"2018";"";"Viop";999;2018;10;NA;1;2751;82,86;-0,118065333646526;26,6666666666667;-0,0876936616864252
"2236";"S2S_Viop_o_16_17";314;"o";"2018";"";"Viop";999;2018;NA;NA;0;2752;82,86;-0,118065333646526;26,6666666666667;-0,0876936616864252
"2239";"S2S_Viop_o_17_01";314;"o";"2019";"";"Viop";6;2019;NA;NA;NA;2755;87,75;0,709567170195636;21,6666666666667;-0,611268945336113
"2240";"S2S_Viop_o_17_04";314;"o";"2019";"";"Viop";5;2019;NA;NA;NA;2756;86,005;0,414225918824557;27,5;-0,000431114411477333
"2241";"S2S_Viop_o_17_06";315;"o";"2019";"";"Viop";4;2019;NA;NA;NA;2757;88,11;0,770497170478495;17,0833333333333;-1,09121295534833
"2242";"S2S_Viop_o_17_06";315;"o";"2019";"";"Viop";3,5;2019;NA;NA;NA;2758;88,11;0,770497170478495;17,0833333333333;-1,09121295534833
"2243";"S2S_Viop_o_17_07";315;"o";"2019";"";"Viop";4;2019;NA;NA;NA;2759;91,295;1,30955842298101;27,5;-0,000431114411477333
"2244";"S2S_Viop_o_17_08";315;"o";"2019";"";"Rhca";3,5;2019;NA;NA;NA;2760;84,98;0,240744668019195;24,1666666666667;-0,349481303511269
"2245";"S2S_Viop_o_17_08";315;"o";"2019";"";"Risp";5,5;2019;NA;NA;NA;2761;84,98;0,240744668019195;24,1666666666667;-0,349481303511269
"2246";"S2S_Viop_o_17_08";315;"o";"2019";"";"Viop";5;2019;NA;NA;NA;2762;84,98;0,240744668019195;24,1666666666667;-0,349481303511269
"2247";"S2S_Viop_o_17_09";315;"o";"2019";"";"Viop";3;2019;NA;NA;NA;2763;84,85;0,218742167917052;12,5;-1,57115696536054
"2248";"S2S_Viop_o_17_09";315;"o";"2019";"";"Viop";5,5;2019;NA;NA;NA;2764;84,85;0,218742167917052;12,5;-1,57115696536054
"2249";"S2S_Viop_o_18_01";315;"o";"2019";"";"Risp";2;2019;NA;NA;NA;2765;84,98;0,240744668019195;24,1666666666667;-0,349481303511269
